
thread.elf:     file format elf32-littleriscv
thread.elf
architecture: riscv:rv32, flags 0x00000112:
EXEC_P, HAS_SYMS, D_PAGED
start address 0x80000000

Program Header:
0x70000003 off    0x00004518 vaddr 0x00000000 paddr 0x00000000 align 2**0
         filesz 0x0000004b memsz 0x00000000 flags r--
    LOAD off    0x00001000 vaddr 0x80000000 paddr 0x80000000 align 2**12
         filesz 0x00003518 memsz 0x000036a4 flags rwx

Sections:
Idx Name              Size      VMA       LMA       File off  Algn  Flags
  0 .init             000001a4  80000000  80000000  00001000  2**3  CONTENTS, ALLOC, LOAD, READONLY, CODE
  1 .text             00002c64  800001a8  800001a8  000011a8  2**3  CONTENTS, ALLOC, LOAD, READONLY, CODE
  2 .rodata           000001d0  80002e10  80002e10  00003e10  2**3  CONTENTS, ALLOC, LOAD, READONLY, DATA
  3 .data             00000538  80002fe0  80002fe0  00003fe0  2**3  CONTENTS, ALLOC, LOAD, DATA
  4 .bss              0000018c  80003518  80003518  00004518  2**3  ALLOC
  5 .riscv.attributes 0000004b  00000000  00000000  00004518  2**0  CONTENTS, READONLY
  6 .comment          00000033  00000000  00000000  00004563  2**0  CONTENTS, READONLY
SYMBOL TABLE:
80000000 l    d  .init	00000000 .init
800001a8 l    d  .text	00000000 .text
80002e10 l    d  .rodata	00000000 .rodata
80002fe0 l    d  .data	00000000 .data
80003518 l    d  .bss	00000000 .bss
00000000 l    d  .riscv.attributes	00000000 .riscv.attributes
00000000 l    d  .comment	00000000 .comment
00000000 l    df *ABS*	00000000 cciq6BAy.o
00000000 l    df *ABS*	00000000 thread.c
80002ea8 l     O .rodata	0000000b digits.0
80003508 l     O .data	00000004 brk
00000000 l    df *ABS*	00000000 libc_a-itoa.o
00000000 l    df *ABS*	00000000 libc_a-malloc.o
00000000 l    df *ABS*	00000000 libc_a-mallocr.o
00000000 l    df *ABS*	00000000 libc_a-mlock.o
00000000 l    df *ABS*	00000000 libc_a-utoa.o
00000000 l    df *ABS*	00000000 libc_a-strcat.o
00000000 l    df *ABS*	00000000 libc_a-strncat.o
00000000 l    df *ABS*	00000000 libc_a-sbrkr.o
00000000 l    df *ABS*	00000000 libc_a-lock.o
00000000 l    df *ABS*	00000000 libc_a-strlen.o
00000000 l    df *ABS*	00000000 libc_a-strcpy.o
00000000 l    df *ABS*	00000000 libc_a-freer.o
00000000 l    df *ABS*	00000000 _udivdi3.o
00000000 l    df *ABS*	00000000 _umoddi3.o
00000000 l    df *ABS*	00000000 muldi3.o
00000000 l    df *ABS*	00000000 div.o
80001b50 g     F .text	000000a4 strcpy
80000a1c g     F .text	000000f4 printf
80000c08 g     F .text	00000024 thread_exit
80001794 g     F .text	0000000c __malloc_unlock
80000c7c g     F .text	000000b0 produce
80003534 g     O .bss	00000004 errno
80000098 g       .init	00000000 ctx_switch
80002d60 g     F .text	00000048 .hidden __hidden___udivsi3
80000d2c g     F .text	000000ac consume
80000f3c g     F .text	00000010 malloc
80002d60 g     F .text	00000048 .hidden __udivsi3
8000352c g     O .bss	00000004 __malloc_top_pad
80000ecc g     F .text	00000070 itoa
80001a44 g     F .text	00000078 _sbrk_r
80003528 g     O .bss	00000004 __malloc_max_sbrked_mem
80000b94 g     F .text	00000024 thread_init
800026e4 g     F .text	00000650 .hidden __umoddi3
80002030 g     F .text	000006b4 .hidden __udivdi3
80000b10 g     F .text	00000084 _sbrk
80000c54 g     F .text	00000028 cv_signal
800018f4 g     F .text	00000004 utoa
80003530 g     O .bss	00000001 __lock___malloc_recursive_mutex
8000356c g     O .bss	00000138 __sf
80003520 g     O .bss	00000004 tail
800018f8 g     F .text	000000a0 strcat
80002da8 g     F .text	00000010 .hidden __umodsi3
80001ac0 g     F .text	00000004 __retarget_lock_release_recursive
8000351c g     O .bss	00000004 head
80003544 g     O .bss	00000000 nonfull
80001d38 g     F .text	000002f8 _free_r
800001a8 g     F .text	00000068 terminal_write
800003a0 g     F .text	00000300 format_to_str
8000350c g     O .data	00000004 __malloc_sbrk_base
80000000 g       .init	00000000 _start
80003538 g     O .bss	0000000c buffer
80002d34 g     F .text	00000024 .hidden __mulsi3
80003544 g     O .bss	00000028 __malloc_current_mallinfo
80001998 g     F .text	000000ac strncat
80002fe0 g     O .data	00000408 __malloc_av_
80001788 g     F .text	0000000c __malloc_lock
800017a0 g     F .text	00000154 __utoa
80001abc g     F .text	00000004 __retarget_lock_acquire_recursive
80000dd8 g     F .text	000000f4 main
80003524 g     O .bss	00000004 __malloc_max_total_mem
8000000c g       .init	00000000 ctx_start
80000f5c g     F .text	0000082c _malloc_r
80000bb8 g     F .text	00000024 ctx_entry
80002d58 g     F .text	00000084 .hidden __divsi3
80001bf4 g     F .text	00000144 _malloc_trim_r
80003544 g     O .bss	00000000 nonempty
80000210 g     F .text	00000190 ulltoa
80200000 g       *ABS*	00000000 __heap_end
80003518 g     O .bss	00000004 count
80002edc g     O .rodata	00000100 .hidden __clz_tab
80003514 g     O .data	00000004 _impure_ptr
800006a0 g     F .text	0000037c format_to_str_len
800036a8 g       .riscv.attributes	00000000 __heap_start
80000c2c g     F .text	00000028 cv_wait
80000008 g       .init	00000000 _end
80003510 g     O .data	00000004 __malloc_trim_threshold
80002ddc g     F .text	00000030 .hidden __modsi3
800033e8 g     O .data	00000120 _impure_data
80001ac4 g     F .text	0000008c strlen
80000bdc g     F .text	0000002c thread_create
80000f4c g     F .text	00000010 free



Disassembly of section .init:

80000000 <_start>:
_start():
80000000:	80400137          	lui	sp,0x80400
80000004:	5d5000ef          	jal	80000dd8 <main>

80000008 <_end>:
_end():
80000008:	000000ef          	jal	80000008 <_end>

8000000c <ctx_start>:
ctx_start():
8000000c:	f8010113          	addi	sp,sp,-128 # 803fff80 <__heap_end+0x1fff80>
80000010:	00112023          	sw	ra,0(sp)
80000014:	00512223          	sw	t0,4(sp)
80000018:	00612423          	sw	t1,8(sp)
8000001c:	00712623          	sw	t2,12(sp)
80000020:	01c12823          	sw	t3,16(sp)
80000024:	01d12a23          	sw	t4,20(sp)
80000028:	01e12c23          	sw	t5,24(sp)
8000002c:	01f12e23          	sw	t6,28(sp)
80000030:	02a12023          	sw	a0,32(sp)
80000034:	02b12223          	sw	a1,36(sp)
80000038:	02c12423          	sw	a2,40(sp)
8000003c:	02d12623          	sw	a3,44(sp)
80000040:	02e12823          	sw	a4,48(sp)
80000044:	02f12a23          	sw	a5,52(sp)
80000048:	03012c23          	sw	a6,56(sp)
8000004c:	03112e23          	sw	a7,60(sp)
80000050:	04812023          	sw	s0,64(sp)
80000054:	04912223          	sw	s1,68(sp)
80000058:	05212423          	sw	s2,72(sp)
8000005c:	05312623          	sw	s3,76(sp)
80000060:	05412823          	sw	s4,80(sp)
80000064:	05512a23          	sw	s5,84(sp)
80000068:	05612c23          	sw	s6,88(sp)
8000006c:	05712e23          	sw	s7,92(sp)
80000070:	07812023          	sw	s8,96(sp)
80000074:	07912223          	sw	s9,100(sp)
80000078:	07a12423          	sw	s10,104(sp)
8000007c:	07b12623          	sw	s11,108(sp)
80000080:	06312823          	sw	gp,112(sp)
80000084:	06412a23          	sw	tp,116(sp)
80000088:	06212c23          	sw	sp,120(sp)
8000008c:	00252023          	sw	sp,0(a0)
80000090:	00058113          	mv	sp,a1
80000094:	325000ef          	jal	80000bb8 <ctx_entry>

80000098 <ctx_switch>:
ctx_switch():
80000098:	f8010113          	addi	sp,sp,-128
8000009c:	00112023          	sw	ra,0(sp)
800000a0:	00512223          	sw	t0,4(sp)
800000a4:	00612423          	sw	t1,8(sp)
800000a8:	00712623          	sw	t2,12(sp)
800000ac:	01c12823          	sw	t3,16(sp)
800000b0:	01d12a23          	sw	t4,20(sp)
800000b4:	01e12c23          	sw	t5,24(sp)
800000b8:	01f12e23          	sw	t6,28(sp)
800000bc:	02a12023          	sw	a0,32(sp)
800000c0:	02b12223          	sw	a1,36(sp)
800000c4:	02c12423          	sw	a2,40(sp)
800000c8:	02d12623          	sw	a3,44(sp)
800000cc:	02e12823          	sw	a4,48(sp)
800000d0:	02f12a23          	sw	a5,52(sp)
800000d4:	03012c23          	sw	a6,56(sp)
800000d8:	03112e23          	sw	a7,60(sp)
800000dc:	04812023          	sw	s0,64(sp)
800000e0:	04912223          	sw	s1,68(sp)
800000e4:	05212423          	sw	s2,72(sp)
800000e8:	05312623          	sw	s3,76(sp)
800000ec:	05412823          	sw	s4,80(sp)
800000f0:	05512a23          	sw	s5,84(sp)
800000f4:	05612c23          	sw	s6,88(sp)
800000f8:	05712e23          	sw	s7,92(sp)
800000fc:	07812023          	sw	s8,96(sp)
80000100:	07912223          	sw	s9,100(sp)
80000104:	07a12423          	sw	s10,104(sp)
80000108:	07b12623          	sw	s11,108(sp)
8000010c:	06312823          	sw	gp,112(sp)
80000110:	06412a23          	sw	tp,116(sp)
80000114:	06212c23          	sw	sp,120(sp)
80000118:	00252023          	sw	sp,0(a0)
8000011c:	00058113          	mv	sp,a1
80000120:	00012083          	lw	ra,0(sp)
80000124:	00412283          	lw	t0,4(sp)
80000128:	00812303          	lw	t1,8(sp)
8000012c:	00c12383          	lw	t2,12(sp)
80000130:	01012e03          	lw	t3,16(sp)
80000134:	01412e83          	lw	t4,20(sp)
80000138:	01812f03          	lw	t5,24(sp)
8000013c:	01c12f83          	lw	t6,28(sp)
80000140:	02012503          	lw	a0,32(sp)
80000144:	02412583          	lw	a1,36(sp)
80000148:	02812603          	lw	a2,40(sp)
8000014c:	02c12683          	lw	a3,44(sp)
80000150:	03012703          	lw	a4,48(sp)
80000154:	03412783          	lw	a5,52(sp)
80000158:	03812803          	lw	a6,56(sp)
8000015c:	03c12883          	lw	a7,60(sp)
80000160:	04012403          	lw	s0,64(sp)
80000164:	04412483          	lw	s1,68(sp)
80000168:	04812903          	lw	s2,72(sp)
8000016c:	04c12983          	lw	s3,76(sp)
80000170:	05012a03          	lw	s4,80(sp)
80000174:	05412a83          	lw	s5,84(sp)
80000178:	05812b03          	lw	s6,88(sp)
8000017c:	05c12b83          	lw	s7,92(sp)
80000180:	06012c03          	lw	s8,96(sp)
80000184:	06412c83          	lw	s9,100(sp)
80000188:	06812d03          	lw	s10,104(sp)
8000018c:	06c12d83          	lw	s11,108(sp)
80000190:	07012183          	lw	gp,112(sp)
80000194:	07412203          	lw	tp,116(sp)
80000198:	07812103          	lw	sp,120(sp)
8000019c:	08010113          	addi	sp,sp,128
800001a0:	00008067          	ret

Disassembly of section .text:

800001a8 <terminal_write>:
terminal_write():
800001a8:	fd010113          	addi	sp,sp,-48
800001ac:	02112623          	sw	ra,44(sp)
800001b0:	02812423          	sw	s0,40(sp)
800001b4:	03010413          	addi	s0,sp,48
800001b8:	fca42e23          	sw	a0,-36(s0)
800001bc:	fcb42c23          	sw	a1,-40(s0)
800001c0:	fe042623          	sw	zero,-20(s0)
800001c4:	0280006f          	j	800001ec <terminal_write+0x44>
800001c8:	fec42783          	lw	a5,-20(s0)
800001cc:	fdc42703          	lw	a4,-36(s0)
800001d0:	00f70733          	add	a4,a4,a5
800001d4:	100007b7          	lui	a5,0x10000
800001d8:	00074703          	lbu	a4,0(a4)
800001dc:	00e78023          	sb	a4,0(a5) # 10000000 <_start-0x70000000>
800001e0:	fec42783          	lw	a5,-20(s0)
800001e4:	00178793          	addi	a5,a5,1
800001e8:	fef42623          	sw	a5,-20(s0)
800001ec:	fec42703          	lw	a4,-20(s0)
800001f0:	fd842783          	lw	a5,-40(s0)
800001f4:	fcf74ae3          	blt	a4,a5,800001c8 <terminal_write+0x20>
800001f8:	00000013          	nop
800001fc:	00000013          	nop
80000200:	02c12083          	lw	ra,44(sp)
80000204:	02812403          	lw	s0,40(sp)
80000208:	03010113          	addi	sp,sp,48
8000020c:	00008067          	ret

80000210 <ulltoa>:
ulltoa():
80000210:	f8010113          	addi	sp,sp,-128
80000214:	06112e23          	sw	ra,124(sp)
80000218:	06812c23          	sw	s0,120(sp)
8000021c:	07212a23          	sw	s2,116(sp)
80000220:	07312823          	sw	s3,112(sp)
80000224:	07412623          	sw	s4,108(sp)
80000228:	07512423          	sw	s5,104(sp)
8000022c:	08010413          	addi	s0,sp,128
80000230:	f8a42423          	sw	a0,-120(s0)
80000234:	f8b42623          	sw	a1,-116(s0)
80000238:	f8c42223          	sw	a2,-124(s0)
8000023c:	f8d42023          	sw	a3,-128(s0)
80000240:	fc042e23          	sw	zero,-36(s0)
80000244:	f8842783          	lw	a5,-120(s0)
80000248:	f8c42703          	lw	a4,-116(s0)
8000024c:	00e7e7b3          	or	a5,a5,a4
80000250:	0a079e63          	bnez	a5,8000030c <ulltoa+0xfc>
80000254:	f8442783          	lw	a5,-124(s0)
80000258:	03000713          	li	a4,48
8000025c:	00e78023          	sb	a4,0(a5)
80000260:	f8442783          	lw	a5,-124(s0)
80000264:	00178793          	addi	a5,a5,1
80000268:	00078023          	sb	zero,0(a5)
8000026c:	f8442783          	lw	a5,-124(s0)
80000270:	10c0006f          	j	8000037c <ulltoa+0x16c>
80000274:	f8042783          	lw	a5,-128(s0)
80000278:	00078913          	mv	s2,a5
8000027c:	41f7d793          	srai	a5,a5,0x1f
80000280:	00078993          	mv	s3,a5
80000284:	f8842703          	lw	a4,-120(s0)
80000288:	f8c42783          	lw	a5,-116(s0)
8000028c:	00090613          	mv	a2,s2
80000290:	00098693          	mv	a3,s3
80000294:	00070513          	mv	a0,a4
80000298:	00078593          	mv	a1,a5
8000029c:	448020ef          	jal	800026e4 <__umoddi3>
800002a0:	00050713          	mv	a4,a0
800002a4:	00058793          	mv	a5,a1
800002a8:	00070613          	mv	a2,a4
800002ac:	00078693          	mv	a3,a5
800002b0:	fdc42783          	lw	a5,-36(s0)
800002b4:	00178713          	addi	a4,a5,1
800002b8:	fce42e23          	sw	a4,-36(s0)
800002bc:	80003737          	lui	a4,0x80003
800002c0:	ea870713          	addi	a4,a4,-344 # 80002ea8 <digits.0>
800002c4:	00c70733          	add	a4,a4,a2
800002c8:	00074703          	lbu	a4,0(a4)
800002cc:	fe078793          	addi	a5,a5,-32
800002d0:	008787b3          	add	a5,a5,s0
800002d4:	fae78a23          	sb	a4,-76(a5)
800002d8:	f8042783          	lw	a5,-128(s0)
800002dc:	00078a13          	mv	s4,a5
800002e0:	41f7d793          	srai	a5,a5,0x1f
800002e4:	00078a93          	mv	s5,a5
800002e8:	000a0613          	mv	a2,s4
800002ec:	000a8693          	mv	a3,s5
800002f0:	f8842503          	lw	a0,-120(s0)
800002f4:	f8c42583          	lw	a1,-116(s0)
800002f8:	539010ef          	jal	80002030 <__udivdi3>
800002fc:	00050713          	mv	a4,a0
80000300:	00058793          	mv	a5,a1
80000304:	f8e42423          	sw	a4,-120(s0)
80000308:	f8f42623          	sw	a5,-116(s0)
8000030c:	f8842783          	lw	a5,-120(s0)
80000310:	f8c42703          	lw	a4,-116(s0)
80000314:	00e7e7b3          	or	a5,a5,a4
80000318:	f4079ee3          	bnez	a5,80000274 <ulltoa+0x64>
8000031c:	fc042c23          	sw	zero,-40(s0)
80000320:	03c0006f          	j	8000035c <ulltoa+0x14c>
80000324:	fdc42703          	lw	a4,-36(s0)
80000328:	fd842783          	lw	a5,-40(s0)
8000032c:	40f707b3          	sub	a5,a4,a5
80000330:	fff78713          	addi	a4,a5,-1
80000334:	fd842783          	lw	a5,-40(s0)
80000338:	f8442683          	lw	a3,-124(s0)
8000033c:	00f687b3          	add	a5,a3,a5
80000340:	fe070713          	addi	a4,a4,-32
80000344:	00870733          	add	a4,a4,s0
80000348:	fb474703          	lbu	a4,-76(a4)
8000034c:	00e78023          	sb	a4,0(a5)
80000350:	fd842783          	lw	a5,-40(s0)
80000354:	00178793          	addi	a5,a5,1
80000358:	fcf42c23          	sw	a5,-40(s0)
8000035c:	fd842703          	lw	a4,-40(s0)
80000360:	fdc42783          	lw	a5,-36(s0)
80000364:	fcf740e3          	blt	a4,a5,80000324 <ulltoa+0x114>
80000368:	fdc42783          	lw	a5,-36(s0)
8000036c:	f8442703          	lw	a4,-124(s0)
80000370:	00f707b3          	add	a5,a4,a5
80000374:	00078023          	sb	zero,0(a5)
80000378:	f8442783          	lw	a5,-124(s0)
8000037c:	00078513          	mv	a0,a5
80000380:	07c12083          	lw	ra,124(sp)
80000384:	07812403          	lw	s0,120(sp)
80000388:	07412903          	lw	s2,116(sp)
8000038c:	07012983          	lw	s3,112(sp)
80000390:	06c12a03          	lw	s4,108(sp)
80000394:	06812a83          	lw	s5,104(sp)
80000398:	08010113          	addi	sp,sp,128
8000039c:	00008067          	ret

800003a0 <format_to_str>:
format_to_str():
800003a0:	fc010113          	addi	sp,sp,-64
800003a4:	02112e23          	sw	ra,60(sp)
800003a8:	02812c23          	sw	s0,56(sp)
800003ac:	02912a23          	sw	s1,52(sp)
800003b0:	03212823          	sw	s2,48(sp)
800003b4:	03312623          	sw	s3,44(sp)
800003b8:	03412423          	sw	s4,40(sp)
800003bc:	03512223          	sw	s5,36(sp)
800003c0:	04010413          	addi	s0,sp,64
800003c4:	fca42623          	sw	a0,-52(s0)
800003c8:	fcb42423          	sw	a1,-56(s0)
800003cc:	fcc42223          	sw	a2,-60(s0)
800003d0:	fcc42783          	lw	a5,-52(s0)
800003d4:	00078023          	sb	zero,0(a5)
800003d8:	2900006f          	j	80000668 <format_to_str+0x2c8>
800003dc:	fc842783          	lw	a5,-56(s0)
800003e0:	0007c703          	lbu	a4,0(a5)
800003e4:	02500793          	li	a5,37
800003e8:	00f70c63          	beq	a4,a5,80000400 <format_to_str+0x60>
800003ec:	00100613          	li	a2,1
800003f0:	fc842583          	lw	a1,-56(s0)
800003f4:	fcc42503          	lw	a0,-52(s0)
800003f8:	5a0010ef          	jal	80001998 <strncat>
800003fc:	2600006f          	j	8000065c <format_to_str+0x2bc>
80000400:	fc842783          	lw	a5,-56(s0)
80000404:	00178793          	addi	a5,a5,1
80000408:	fcf42423          	sw	a5,-56(s0)
8000040c:	fc842783          	lw	a5,-56(s0)
80000410:	0007c703          	lbu	a4,0(a5)
80000414:	07300793          	li	a5,115
80000418:	02f71263          	bne	a4,a5,8000043c <format_to_str+0x9c>
8000041c:	fc442783          	lw	a5,-60(s0)
80000420:	00478713          	addi	a4,a5,4
80000424:	fce42223          	sw	a4,-60(s0)
80000428:	0007a783          	lw	a5,0(a5)
8000042c:	00078593          	mv	a1,a5
80000430:	fcc42503          	lw	a0,-52(s0)
80000434:	4c4010ef          	jal	800018f8 <strcat>
80000438:	2240006f          	j	8000065c <format_to_str+0x2bc>
8000043c:	fc842783          	lw	a5,-56(s0)
80000440:	0007c703          	lbu	a4,0(a5)
80000444:	06300793          	li	a5,99
80000448:	04f71863          	bne	a4,a5,80000498 <format_to_str+0xf8>
8000044c:	fc442783          	lw	a5,-60(s0)
80000450:	00478713          	addi	a4,a5,4
80000454:	fce42223          	sw	a4,-60(s0)
80000458:	0007a783          	lw	a5,0(a5)
8000045c:	fcf40fa3          	sb	a5,-33(s0)
80000460:	fcc42503          	lw	a0,-52(s0)
80000464:	660010ef          	jal	80001ac4 <strlen>
80000468:	fca42c23          	sw	a0,-40(s0)
8000046c:	fcc42703          	lw	a4,-52(s0)
80000470:	fd842783          	lw	a5,-40(s0)
80000474:	00f707b3          	add	a5,a4,a5
80000478:	fdf44703          	lbu	a4,-33(s0)
8000047c:	00e78023          	sb	a4,0(a5)
80000480:	fd842783          	lw	a5,-40(s0)
80000484:	00178793          	addi	a5,a5,1
80000488:	fcc42703          	lw	a4,-52(s0)
8000048c:	00f707b3          	add	a5,a4,a5
80000490:	00078023          	sb	zero,0(a5)
80000494:	1c80006f          	j	8000065c <format_to_str+0x2bc>
80000498:	fc842783          	lw	a5,-56(s0)
8000049c:	0007c703          	lbu	a4,0(a5)
800004a0:	06400793          	li	a5,100
800004a4:	02f71e63          	bne	a4,a5,800004e0 <format_to_str+0x140>
800004a8:	fc442783          	lw	a5,-60(s0)
800004ac:	00478713          	addi	a4,a5,4
800004b0:	fce42223          	sw	a4,-60(s0)
800004b4:	0007a483          	lw	s1,0(a5)
800004b8:	fcc42503          	lw	a0,-52(s0)
800004bc:	608010ef          	jal	80001ac4 <strlen>
800004c0:	00050713          	mv	a4,a0
800004c4:	fcc42783          	lw	a5,-52(s0)
800004c8:	00e787b3          	add	a5,a5,a4
800004cc:	00a00613          	li	a2,10
800004d0:	00078593          	mv	a1,a5
800004d4:	00048513          	mv	a0,s1
800004d8:	1f5000ef          	jal	80000ecc <itoa>
800004dc:	1800006f          	j	8000065c <format_to_str+0x2bc>
800004e0:	fc842783          	lw	a5,-56(s0)
800004e4:	0007c703          	lbu	a4,0(a5)
800004e8:	07500793          	li	a5,117
800004ec:	02f71e63          	bne	a4,a5,80000528 <format_to_str+0x188>
800004f0:	fc442783          	lw	a5,-60(s0)
800004f4:	00478713          	addi	a4,a5,4
800004f8:	fce42223          	sw	a4,-60(s0)
800004fc:	0007a483          	lw	s1,0(a5)
80000500:	fcc42503          	lw	a0,-52(s0)
80000504:	5c0010ef          	jal	80001ac4 <strlen>
80000508:	00050713          	mv	a4,a0
8000050c:	fcc42783          	lw	a5,-52(s0)
80000510:	00e787b3          	add	a5,a5,a4
80000514:	00a00613          	li	a2,10
80000518:	00078593          	mv	a1,a5
8000051c:	00048513          	mv	a0,s1
80000520:	3d4010ef          	jal	800018f4 <utoa>
80000524:	1380006f          	j	8000065c <format_to_str+0x2bc>
80000528:	fc842783          	lw	a5,-56(s0)
8000052c:	0007c703          	lbu	a4,0(a5)
80000530:	07800793          	li	a5,120
80000534:	02f71e63          	bne	a4,a5,80000570 <format_to_str+0x1d0>
80000538:	fc442783          	lw	a5,-60(s0)
8000053c:	00478713          	addi	a4,a5,4
80000540:	fce42223          	sw	a4,-60(s0)
80000544:	0007a483          	lw	s1,0(a5)
80000548:	fcc42503          	lw	a0,-52(s0)
8000054c:	578010ef          	jal	80001ac4 <strlen>
80000550:	00050713          	mv	a4,a0
80000554:	fcc42783          	lw	a5,-52(s0)
80000558:	00e787b3          	add	a5,a5,a4
8000055c:	01000613          	li	a2,16
80000560:	00078593          	mv	a1,a5
80000564:	00048513          	mv	a0,s1
80000568:	38c010ef          	jal	800018f4 <utoa>
8000056c:	0f00006f          	j	8000065c <format_to_str+0x2bc>
80000570:	fc842783          	lw	a5,-56(s0)
80000574:	0007c703          	lbu	a4,0(a5)
80000578:	07000793          	li	a5,112
8000057c:	04f71c63          	bne	a4,a5,800005d4 <format_to_str+0x234>
80000580:	800037b7          	lui	a5,0x80003
80000584:	e1078593          	addi	a1,a5,-496 # 80002e10 <__modsi3+0x34>
80000588:	fcc42503          	lw	a0,-52(s0)
8000058c:	36c010ef          	jal	800018f8 <strcat>
80000590:	fc442783          	lw	a5,-60(s0)
80000594:	00478713          	addi	a4,a5,4
80000598:	fce42223          	sw	a4,-60(s0)
8000059c:	0007a783          	lw	a5,0(a5)
800005a0:	00078a13          	mv	s4,a5
800005a4:	00000a93          	li	s5,0
800005a8:	fcc42503          	lw	a0,-52(s0)
800005ac:	518010ef          	jal	80001ac4 <strlen>
800005b0:	00050713          	mv	a4,a0
800005b4:	fcc42783          	lw	a5,-52(s0)
800005b8:	00e787b3          	add	a5,a5,a4
800005bc:	01000693          	li	a3,16
800005c0:	00078613          	mv	a2,a5
800005c4:	000a0513          	mv	a0,s4
800005c8:	000a8593          	mv	a1,s5
800005cc:	c45ff0ef          	jal	80000210 <ulltoa>
800005d0:	08c0006f          	j	8000065c <format_to_str+0x2bc>
800005d4:	fc842783          	lw	a5,-56(s0)
800005d8:	0007c703          	lbu	a4,0(a5)
800005dc:	06c00793          	li	a5,108
800005e0:	06f71e63          	bne	a4,a5,8000065c <format_to_str+0x2bc>
800005e4:	fc842783          	lw	a5,-56(s0)
800005e8:	00178793          	addi	a5,a5,1
800005ec:	0007c703          	lbu	a4,0(a5)
800005f0:	06c00793          	li	a5,108
800005f4:	06f71463          	bne	a4,a5,8000065c <format_to_str+0x2bc>
800005f8:	fc842783          	lw	a5,-56(s0)
800005fc:	00278793          	addi	a5,a5,2
80000600:	0007c703          	lbu	a4,0(a5)
80000604:	07500793          	li	a5,117
80000608:	04f71a63          	bne	a4,a5,8000065c <format_to_str+0x2bc>
8000060c:	fc842783          	lw	a5,-56(s0)
80000610:	00278793          	addi	a5,a5,2
80000614:	fcf42423          	sw	a5,-56(s0)
80000618:	fc442783          	lw	a5,-60(s0)
8000061c:	00778793          	addi	a5,a5,7
80000620:	ff87f793          	andi	a5,a5,-8
80000624:	00878713          	addi	a4,a5,8
80000628:	fce42223          	sw	a4,-60(s0)
8000062c:	0007a903          	lw	s2,0(a5)
80000630:	0047a983          	lw	s3,4(a5)
80000634:	fcc42503          	lw	a0,-52(s0)
80000638:	48c010ef          	jal	80001ac4 <strlen>
8000063c:	00050713          	mv	a4,a0
80000640:	fcc42783          	lw	a5,-52(s0)
80000644:	00e787b3          	add	a5,a5,a4
80000648:	00a00693          	li	a3,10
8000064c:	00078613          	mv	a2,a5
80000650:	00090513          	mv	a0,s2
80000654:	00098593          	mv	a1,s3
80000658:	bb9ff0ef          	jal	80000210 <ulltoa>
8000065c:	fc842783          	lw	a5,-56(s0)
80000660:	00178793          	addi	a5,a5,1
80000664:	fcf42423          	sw	a5,-56(s0)
80000668:	fc842783          	lw	a5,-56(s0)
8000066c:	0007c783          	lbu	a5,0(a5)
80000670:	d60796e3          	bnez	a5,800003dc <format_to_str+0x3c>
80000674:	00000013          	nop
80000678:	00000013          	nop
8000067c:	03c12083          	lw	ra,60(sp)
80000680:	03812403          	lw	s0,56(sp)
80000684:	03412483          	lw	s1,52(sp)
80000688:	03012903          	lw	s2,48(sp)
8000068c:	02c12983          	lw	s3,44(sp)
80000690:	02812a03          	lw	s4,40(sp)
80000694:	02412a83          	lw	s5,36(sp)
80000698:	04010113          	addi	sp,sp,64
8000069c:	00008067          	ret

800006a0 <format_to_str_len>:
format_to_str_len():
800006a0:	f9010113          	addi	sp,sp,-112
800006a4:	06112623          	sw	ra,108(sp)
800006a8:	06812423          	sw	s0,104(sp)
800006ac:	07010413          	addi	s0,sp,112
800006b0:	f8a42e23          	sw	a0,-100(s0)
800006b4:	f8b42c23          	sw	a1,-104(s0)
800006b8:	fe042623          	sw	zero,-20(s0)
800006bc:	fe042423          	sw	zero,-24(s0)
800006c0:	3300006f          	j	800009f0 <format_to_str_len+0x350>
800006c4:	fe842783          	lw	a5,-24(s0)
800006c8:	f9c42703          	lw	a4,-100(s0)
800006cc:	00f707b3          	add	a5,a4,a5
800006d0:	0007c703          	lbu	a4,0(a5)
800006d4:	02500793          	li	a5,37
800006d8:	00f70a63          	beq	a4,a5,800006ec <format_to_str_len+0x4c>
800006dc:	fec42783          	lw	a5,-20(s0)
800006e0:	00178793          	addi	a5,a5,1
800006e4:	fef42623          	sw	a5,-20(s0)
800006e8:	2fc0006f          	j	800009e4 <format_to_str_len+0x344>
800006ec:	fe842783          	lw	a5,-24(s0)
800006f0:	00178793          	addi	a5,a5,1
800006f4:	fef42423          	sw	a5,-24(s0)
800006f8:	fe842783          	lw	a5,-24(s0)
800006fc:	f9c42703          	lw	a4,-100(s0)
80000700:	00f707b3          	add	a5,a4,a5
80000704:	0007c703          	lbu	a4,0(a5)
80000708:	06c00793          	li	a5,108
8000070c:	1af71463          	bne	a4,a5,800008b4 <format_to_str_len+0x214>
80000710:	fe842783          	lw	a5,-24(s0)
80000714:	00178793          	addi	a5,a5,1
80000718:	f9c42703          	lw	a4,-100(s0)
8000071c:	00f707b3          	add	a5,a4,a5
80000720:	0007c703          	lbu	a4,0(a5)
80000724:	06c00793          	li	a5,108
80000728:	18f71663          	bne	a4,a5,800008b4 <format_to_str_len+0x214>
8000072c:	fe842783          	lw	a5,-24(s0)
80000730:	00278793          	addi	a5,a5,2
80000734:	fef42423          	sw	a5,-24(s0)
80000738:	fe842783          	lw	a5,-24(s0)
8000073c:	f9c42703          	lw	a4,-100(s0)
80000740:	00f707b3          	add	a5,a4,a5
80000744:	0007c783          	lbu	a5,0(a5)
80000748:	07500713          	li	a4,117
8000074c:	02e78063          	beq	a5,a4,8000076c <format_to_str_len+0xcc>
80000750:	07500713          	li	a4,117
80000754:	28f74263          	blt	a4,a5,800009d8 <format_to_str_len+0x338>
80000758:	06400713          	li	a4,100
8000075c:	08e78863          	beq	a5,a4,800007ec <format_to_str_len+0x14c>
80000760:	06900713          	li	a4,105
80000764:	08e78463          	beq	a5,a4,800007ec <format_to_str_len+0x14c>
80000768:	2700006f          	j	800009d8 <format_to_str_len+0x338>
8000076c:	f9842783          	lw	a5,-104(s0)
80000770:	00778793          	addi	a5,a5,7
80000774:	ff87f793          	andi	a5,a5,-8
80000778:	00878713          	addi	a4,a5,8
8000077c:	f8e42c23          	sw	a4,-104(s0)
80000780:	0007a703          	lw	a4,0(a5)
80000784:	0047a783          	lw	a5,4(a5)
80000788:	fae42c23          	sw	a4,-72(s0)
8000078c:	faf42e23          	sw	a5,-68(s0)
80000790:	fb842703          	lw	a4,-72(s0)
80000794:	fbc42783          	lw	a5,-68(s0)
80000798:	fee42023          	sw	a4,-32(s0)
8000079c:	fef42223          	sw	a5,-28(s0)
800007a0:	fec42783          	lw	a5,-20(s0)
800007a4:	00178793          	addi	a5,a5,1
800007a8:	fef42623          	sw	a5,-20(s0)
800007ac:	fe042703          	lw	a4,-32(s0)
800007b0:	fe442783          	lw	a5,-28(s0)
800007b4:	00a00613          	li	a2,10
800007b8:	00000693          	li	a3,0
800007bc:	00070513          	mv	a0,a4
800007c0:	00078593          	mv	a1,a5
800007c4:	06d010ef          	jal	80002030 <__udivdi3>
800007c8:	00050713          	mv	a4,a0
800007cc:	00058793          	mv	a5,a1
800007d0:	fee42023          	sw	a4,-32(s0)
800007d4:	fef42223          	sw	a5,-28(s0)
800007d8:	fe042783          	lw	a5,-32(s0)
800007dc:	fe442703          	lw	a4,-28(s0)
800007e0:	00e7e7b3          	or	a5,a5,a4
800007e4:	fa079ee3          	bnez	a5,800007a0 <format_to_str_len+0x100>
800007e8:	0c80006f          	j	800008b0 <format_to_str_len+0x210>
800007ec:	f9842783          	lw	a5,-104(s0)
800007f0:	00778793          	addi	a5,a5,7
800007f4:	ff87f793          	andi	a5,a5,-8
800007f8:	00878713          	addi	a4,a5,8
800007fc:	f8e42c23          	sw	a4,-104(s0)
80000800:	0007a703          	lw	a4,0(a5)
80000804:	0047a783          	lw	a5,4(a5)
80000808:	fce42c23          	sw	a4,-40(s0)
8000080c:	fcf42e23          	sw	a5,-36(s0)
80000810:	fdc42783          	lw	a5,-36(s0)
80000814:	0407d063          	bgez	a5,80000854 <format_to_str_len+0x1b4>
80000818:	fec42783          	lw	a5,-20(s0)
8000081c:	00178793          	addi	a5,a5,1
80000820:	fef42623          	sw	a5,-20(s0)
80000824:	00000613          	li	a2,0
80000828:	00000693          	li	a3,0
8000082c:	fd842503          	lw	a0,-40(s0)
80000830:	fdc42583          	lw	a1,-36(s0)
80000834:	40a60733          	sub	a4,a2,a0
80000838:	00070813          	mv	a6,a4
8000083c:	01063833          	sltu	a6,a2,a6
80000840:	40b687b3          	sub	a5,a3,a1
80000844:	410786b3          	sub	a3,a5,a6
80000848:	00068793          	mv	a5,a3
8000084c:	fce42c23          	sw	a4,-40(s0)
80000850:	fcf42e23          	sw	a5,-36(s0)
80000854:	fd842703          	lw	a4,-40(s0)
80000858:	fdc42783          	lw	a5,-36(s0)
8000085c:	fce42823          	sw	a4,-48(s0)
80000860:	fcf42a23          	sw	a5,-44(s0)
80000864:	fec42783          	lw	a5,-20(s0)
80000868:	00178793          	addi	a5,a5,1
8000086c:	fef42623          	sw	a5,-20(s0)
80000870:	fd042703          	lw	a4,-48(s0)
80000874:	fd442783          	lw	a5,-44(s0)
80000878:	00a00613          	li	a2,10
8000087c:	00000693          	li	a3,0
80000880:	00070513          	mv	a0,a4
80000884:	00078593          	mv	a1,a5
80000888:	7a8010ef          	jal	80002030 <__udivdi3>
8000088c:	00050713          	mv	a4,a0
80000890:	00058793          	mv	a5,a1
80000894:	fce42823          	sw	a4,-48(s0)
80000898:	fcf42a23          	sw	a5,-44(s0)
8000089c:	fd042783          	lw	a5,-48(s0)
800008a0:	fd442703          	lw	a4,-44(s0)
800008a4:	00e7e7b3          	or	a5,a5,a4
800008a8:	fa079ee3          	bnez	a5,80000864 <format_to_str_len+0x1c4>
800008ac:	00000013          	nop
800008b0:	1280006f          	j	800009d8 <format_to_str_len+0x338>
800008b4:	fe842783          	lw	a5,-24(s0)
800008b8:	f9c42703          	lw	a4,-100(s0)
800008bc:	00f707b3          	add	a5,a4,a5
800008c0:	0007c783          	lbu	a5,0(a5)
800008c4:	f9d78793          	addi	a5,a5,-99
800008c8:	01500713          	li	a4,21
800008cc:	10f76a63          	bltu	a4,a5,800009e0 <format_to_str_len+0x340>
800008d0:	00279713          	slli	a4,a5,0x2
800008d4:	800037b7          	lui	a5,0x80003
800008d8:	e5078793          	addi	a5,a5,-432 # 80002e50 <__modsi3+0x74>
800008dc:	00f707b3          	add	a5,a4,a5
800008e0:	0007a783          	lw	a5,0(a5)
800008e4:	00078067          	jr	a5
800008e8:	f9842783          	lw	a5,-104(s0)
800008ec:	00478713          	addi	a4,a5,4
800008f0:	f8e42c23          	sw	a4,-104(s0)
800008f4:	0007a783          	lw	a5,0(a5)
800008f8:	fcf42623          	sw	a5,-52(s0)
800008fc:	fcc42783          	lw	a5,-52(s0)
80000900:	0007de63          	bgez	a5,8000091c <format_to_str_len+0x27c>
80000904:	fec42783          	lw	a5,-20(s0)
80000908:	00178793          	addi	a5,a5,1
8000090c:	fef42623          	sw	a5,-20(s0)
80000910:	fcc42783          	lw	a5,-52(s0)
80000914:	40f007b3          	neg	a5,a5
80000918:	fcf42623          	sw	a5,-52(s0)
8000091c:	fcc42783          	lw	a5,-52(s0)
80000920:	fcf42423          	sw	a5,-56(s0)
80000924:	fec42783          	lw	a5,-20(s0)
80000928:	00178793          	addi	a5,a5,1
8000092c:	fef42623          	sw	a5,-20(s0)
80000930:	fc842703          	lw	a4,-56(s0)
80000934:	ccccd7b7          	lui	a5,0xccccd
80000938:	ccd78793          	addi	a5,a5,-819 # cccccccd <__heap_end+0x4caccccd>
8000093c:	02f737b3          	mulhu	a5,a4,a5
80000940:	0037d793          	srli	a5,a5,0x3
80000944:	fcf42423          	sw	a5,-56(s0)
80000948:	fc842783          	lw	a5,-56(s0)
8000094c:	fc079ce3          	bnez	a5,80000924 <format_to_str_len+0x284>
80000950:	0940006f          	j	800009e4 <format_to_str_len+0x344>
80000954:	f9842783          	lw	a5,-104(s0)
80000958:	00478713          	addi	a4,a5,4
8000095c:	f8e42c23          	sw	a4,-104(s0)
80000960:	0007a783          	lw	a5,0(a5)
80000964:	fcf42223          	sw	a5,-60(s0)
80000968:	0100006f          	j	80000978 <format_to_str_len+0x2d8>
8000096c:	fec42783          	lw	a5,-20(s0)
80000970:	00178793          	addi	a5,a5,1
80000974:	fef42623          	sw	a5,-20(s0)
80000978:	fc442783          	lw	a5,-60(s0)
8000097c:	00178713          	addi	a4,a5,1
80000980:	fce42223          	sw	a4,-60(s0)
80000984:	0007c783          	lbu	a5,0(a5)
80000988:	fe0792e3          	bnez	a5,8000096c <format_to_str_len+0x2cc>
8000098c:	0580006f          	j	800009e4 <format_to_str_len+0x344>
80000990:	f9842783          	lw	a5,-104(s0)
80000994:	00478713          	addi	a4,a5,4
80000998:	f8e42c23          	sw	a4,-104(s0)
8000099c:	0007a783          	lw	a5,0(a5)
800009a0:	faf42a23          	sw	a5,-76(s0)
800009a4:	fb442783          	lw	a5,-76(s0)
800009a8:	faf42823          	sw	a5,-80(s0)
800009ac:	0380006f          	j	800009e4 <format_to_str_len+0x344>
800009b0:	f9842783          	lw	a5,-104(s0)
800009b4:	00478713          	addi	a4,a5,4
800009b8:	f8e42c23          	sw	a4,-104(s0)
800009bc:	0007a783          	lw	a5,0(a5)
800009c0:	faf42623          	sw	a5,-84(s0)
800009c4:	0200006f          	j	800009e4 <format_to_str_len+0x344>
800009c8:	fec42783          	lw	a5,-20(s0)
800009cc:	00178793          	addi	a5,a5,1
800009d0:	fef42623          	sw	a5,-20(s0)
800009d4:	0100006f          	j	800009e4 <format_to_str_len+0x344>
800009d8:	00000013          	nop
800009dc:	0080006f          	j	800009e4 <format_to_str_len+0x344>
800009e0:	00000013          	nop
800009e4:	fe842783          	lw	a5,-24(s0)
800009e8:	00178793          	addi	a5,a5,1
800009ec:	fef42423          	sw	a5,-24(s0)
800009f0:	f9c42503          	lw	a0,-100(s0)
800009f4:	0d0010ef          	jal	80001ac4 <strlen>
800009f8:	00050713          	mv	a4,a0
800009fc:	fe842783          	lw	a5,-24(s0)
80000a00:	cce7e2e3          	bltu	a5,a4,800006c4 <format_to_str_len+0x24>
80000a04:	00000013          	nop
80000a08:	00078513          	mv	a0,a5
80000a0c:	06c12083          	lw	ra,108(sp)
80000a10:	06812403          	lw	s0,104(sp)
80000a14:	07010113          	addi	sp,sp,112
80000a18:	00008067          	ret

80000a1c <printf>:
printf():
80000a1c:	fb010113          	addi	sp,sp,-80
80000a20:	02112623          	sw	ra,44(sp)
80000a24:	02812423          	sw	s0,40(sp)
80000a28:	03010413          	addi	s0,sp,48
80000a2c:	fca42e23          	sw	a0,-36(s0)
80000a30:	00b42223          	sw	a1,4(s0)
80000a34:	00c42423          	sw	a2,8(s0)
80000a38:	00d42623          	sw	a3,12(s0)
80000a3c:	00e42823          	sw	a4,16(s0)
80000a40:	00f42a23          	sw	a5,20(s0)
80000a44:	01042c23          	sw	a6,24(s0)
80000a48:	01142e23          	sw	a7,28(s0)
80000a4c:	02040793          	addi	a5,s0,32
80000a50:	fcf42c23          	sw	a5,-40(s0)
80000a54:	fd842783          	lw	a5,-40(s0)
80000a58:	fe478793          	addi	a5,a5,-28
80000a5c:	fef42223          	sw	a5,-28(s0)
80000a60:	fe442783          	lw	a5,-28(s0)
80000a64:	fef42023          	sw	a5,-32(s0)
80000a68:	fe042783          	lw	a5,-32(s0)
80000a6c:	00078593          	mv	a1,a5
80000a70:	fdc42503          	lw	a0,-36(s0)
80000a74:	c2dff0ef          	jal	800006a0 <format_to_str_len>
80000a78:	fea42623          	sw	a0,-20(s0)
80000a7c:	fec42503          	lw	a0,-20(s0)
80000a80:	4bc000ef          	jal	80000f3c <malloc>
80000a84:	00050793          	mv	a5,a0
80000a88:	fef42423          	sw	a5,-24(s0)
80000a8c:	fe442783          	lw	a5,-28(s0)
80000a90:	00078613          	mv	a2,a5
80000a94:	fdc42583          	lw	a1,-36(s0)
80000a98:	fe842503          	lw	a0,-24(s0)
80000a9c:	905ff0ef          	jal	800003a0 <format_to_str>
80000aa0:	fe842503          	lw	a0,-24(s0)
80000aa4:	020010ef          	jal	80001ac4 <strlen>
80000aa8:	00050793          	mv	a5,a0
80000aac:	00078593          	mv	a1,a5
80000ab0:	fe842503          	lw	a0,-24(s0)
80000ab4:	ef4ff0ef          	jal	800001a8 <terminal_write>
80000ab8:	800037b7          	lui	a5,0x80003
80000abc:	e1478593          	addi	a1,a5,-492 # 80002e14 <__modsi3+0x38>
80000ac0:	fe842503          	lw	a0,-24(s0)
80000ac4:	08c010ef          	jal	80001b50 <strcpy>
80000ac8:	800037b7          	lui	a5,0x80003
80000acc:	e1878593          	addi	a1,a5,-488 # 80002e18 <__modsi3+0x3c>
80000ad0:	fe842503          	lw	a0,-24(s0)
80000ad4:	625000ef          	jal	800018f8 <strcat>
80000ad8:	fe842503          	lw	a0,-24(s0)
80000adc:	7e9000ef          	jal	80001ac4 <strlen>
80000ae0:	00050793          	mv	a5,a0
80000ae4:	00078593          	mv	a1,a5
80000ae8:	fe842503          	lw	a0,-24(s0)
80000aec:	ebcff0ef          	jal	800001a8 <terminal_write>
80000af0:	fe842503          	lw	a0,-24(s0)
80000af4:	458000ef          	jal	80000f4c <free>
80000af8:	00000793          	li	a5,0
80000afc:	00078513          	mv	a0,a5
80000b00:	02c12083          	lw	ra,44(sp)
80000b04:	02812403          	lw	s0,40(sp)
80000b08:	05010113          	addi	sp,sp,80
80000b0c:	00008067          	ret

80000b10 <_sbrk>:
_sbrk():
80000b10:	fd010113          	addi	sp,sp,-48
80000b14:	02112623          	sw	ra,44(sp)
80000b18:	02812423          	sw	s0,40(sp)
80000b1c:	03010413          	addi	s0,sp,48
80000b20:	fca42e23          	sw	a0,-36(s0)
80000b24:	800037b7          	lui	a5,0x80003
80000b28:	5087a703          	lw	a4,1288(a5) # 80003508 <brk>
80000b2c:	fdc42783          	lw	a5,-36(s0)
80000b30:	00f70733          	add	a4,a4,a5
80000b34:	802007b7          	lui	a5,0x80200
80000b38:	00078793          	mv	a5,a5
80000b3c:	00e7fe63          	bgeu	a5,a4,80000b58 <_sbrk+0x48>
80000b40:	01d00593          	li	a1,29
80000b44:	800037b7          	lui	a5,0x80003
80000b48:	e1c78513          	addi	a0,a5,-484 # 80002e1c <__modsi3+0x40>
80000b4c:	e5cff0ef          	jal	800001a8 <terminal_write>
80000b50:	00000793          	li	a5,0
80000b54:	02c0006f          	j	80000b80 <_sbrk+0x70>
80000b58:	800037b7          	lui	a5,0x80003
80000b5c:	5087a783          	lw	a5,1288(a5) # 80003508 <brk>
80000b60:	fef42623          	sw	a5,-20(s0)
80000b64:	800037b7          	lui	a5,0x80003
80000b68:	5087a703          	lw	a4,1288(a5) # 80003508 <brk>
80000b6c:	fdc42783          	lw	a5,-36(s0)
80000b70:	00f70733          	add	a4,a4,a5
80000b74:	800037b7          	lui	a5,0x80003
80000b78:	50e7a423          	sw	a4,1288(a5) # 80003508 <brk>
80000b7c:	fec42783          	lw	a5,-20(s0)
80000b80:	00078513          	mv	a0,a5
80000b84:	02c12083          	lw	ra,44(sp)
80000b88:	02812403          	lw	s0,40(sp)
80000b8c:	03010113          	addi	sp,sp,48
80000b90:	00008067          	ret

80000b94 <thread_init>:
thread_init():
80000b94:	ff010113          	addi	sp,sp,-16
80000b98:	00112623          	sw	ra,12(sp)
80000b9c:	00812423          	sw	s0,8(sp)
80000ba0:	01010413          	addi	s0,sp,16
80000ba4:	00000013          	nop
80000ba8:	00c12083          	lw	ra,12(sp)
80000bac:	00812403          	lw	s0,8(sp)
80000bb0:	01010113          	addi	sp,sp,16
80000bb4:	00008067          	ret

80000bb8 <ctx_entry>:
ctx_entry():
80000bb8:	ff010113          	addi	sp,sp,-16
80000bbc:	00112623          	sw	ra,12(sp)
80000bc0:	00812423          	sw	s0,8(sp)
80000bc4:	01010413          	addi	s0,sp,16
80000bc8:	00000013          	nop
80000bcc:	00c12083          	lw	ra,12(sp)
80000bd0:	00812403          	lw	s0,8(sp)
80000bd4:	01010113          	addi	sp,sp,16
80000bd8:	00008067          	ret

80000bdc <thread_create>:
thread_create():
80000bdc:	fe010113          	addi	sp,sp,-32
80000be0:	00112e23          	sw	ra,28(sp)
80000be4:	00812c23          	sw	s0,24(sp)
80000be8:	02010413          	addi	s0,sp,32
80000bec:	fea42623          	sw	a0,-20(s0)
80000bf0:	feb42423          	sw	a1,-24(s0)
80000bf4:	00000013          	nop
80000bf8:	01c12083          	lw	ra,28(sp)
80000bfc:	01812403          	lw	s0,24(sp)
80000c00:	02010113          	addi	sp,sp,32
80000c04:	00008067          	ret

80000c08 <thread_exit>:
thread_exit():
80000c08:	ff010113          	addi	sp,sp,-16
80000c0c:	00112623          	sw	ra,12(sp)
80000c10:	00812423          	sw	s0,8(sp)
80000c14:	01010413          	addi	s0,sp,16
80000c18:	00000013          	nop
80000c1c:	00c12083          	lw	ra,12(sp)
80000c20:	00812403          	lw	s0,8(sp)
80000c24:	01010113          	addi	sp,sp,16
80000c28:	00008067          	ret

80000c2c <cv_wait>:
cv_wait():
80000c2c:	fe010113          	addi	sp,sp,-32
80000c30:	00112e23          	sw	ra,28(sp)
80000c34:	00812c23          	sw	s0,24(sp)
80000c38:	02010413          	addi	s0,sp,32
80000c3c:	fea42623          	sw	a0,-20(s0)
80000c40:	00000013          	nop
80000c44:	01c12083          	lw	ra,28(sp)
80000c48:	01812403          	lw	s0,24(sp)
80000c4c:	02010113          	addi	sp,sp,32
80000c50:	00008067          	ret

80000c54 <cv_signal>:
cv_signal():
80000c54:	fe010113          	addi	sp,sp,-32
80000c58:	00112e23          	sw	ra,28(sp)
80000c5c:	00812c23          	sw	s0,24(sp)
80000c60:	02010413          	addi	s0,sp,32
80000c64:	fea42623          	sw	a0,-20(s0)
80000c68:	00000013          	nop
80000c6c:	01c12083          	lw	ra,28(sp)
80000c70:	01812403          	lw	s0,24(sp)
80000c74:	02010113          	addi	sp,sp,32
80000c78:	00008067          	ret

80000c7c <produce>:
produce():
80000c7c:	fe010113          	addi	sp,sp,-32
80000c80:	00112e23          	sw	ra,28(sp)
80000c84:	00812c23          	sw	s0,24(sp)
80000c88:	02010413          	addi	s0,sp,32
80000c8c:	fea42623          	sw	a0,-20(s0)
80000c90:	0100006f          	j	80000ca0 <produce+0x24>
80000c94:	800037b7          	lui	a5,0x80003
80000c98:	54478513          	addi	a0,a5,1348 # 80003544 <__malloc_current_mallinfo>
80000c9c:	f91ff0ef          	jal	80000c2c <cv_wait>
80000ca0:	800037b7          	lui	a5,0x80003
80000ca4:	5187a703          	lw	a4,1304(a5) # 80003518 <count>
80000ca8:	00300793          	li	a5,3
80000cac:	fef704e3          	beq	a4,a5,80000c94 <produce+0x18>
80000cb0:	800037b7          	lui	a5,0x80003
80000cb4:	5207a783          	lw	a5,1312(a5) # 80003520 <tail>
80000cb8:	80003737          	lui	a4,0x80003
80000cbc:	53870713          	addi	a4,a4,1336 # 80003538 <buffer>
80000cc0:	00279793          	slli	a5,a5,0x2
80000cc4:	00f707b3          	add	a5,a4,a5
80000cc8:	fec42703          	lw	a4,-20(s0)
80000ccc:	00e7a023          	sw	a4,0(a5)
80000cd0:	800037b7          	lui	a5,0x80003
80000cd4:	5207a783          	lw	a5,1312(a5) # 80003520 <tail>
80000cd8:	00178693          	addi	a3,a5,1
80000cdc:	555557b7          	lui	a5,0x55555
80000ce0:	55678793          	addi	a5,a5,1366 # 55555556 <_start-0x2aaaaaaa>
80000ce4:	02f69733          	mulh	a4,a3,a5
80000ce8:	41f6d793          	srai	a5,a3,0x1f
80000cec:	40f70733          	sub	a4,a4,a5
80000cf0:	00070793          	mv	a5,a4
80000cf4:	00179793          	slli	a5,a5,0x1
80000cf8:	00e787b3          	add	a5,a5,a4
80000cfc:	40f68733          	sub	a4,a3,a5
80000d00:	800037b7          	lui	a5,0x80003
80000d04:	52e7a023          	sw	a4,1312(a5) # 80003520 <tail>
80000d08:	800037b7          	lui	a5,0x80003
80000d0c:	5187a783          	lw	a5,1304(a5) # 80003518 <count>
80000d10:	00178713          	addi	a4,a5,1
80000d14:	800037b7          	lui	a5,0x80003
80000d18:	50e7ac23          	sw	a4,1304(a5) # 80003518 <count>
80000d1c:	800037b7          	lui	a5,0x80003
80000d20:	54478513          	addi	a0,a5,1348 # 80003544 <__malloc_current_mallinfo>
80000d24:	f31ff0ef          	jal	80000c54 <cv_signal>
80000d28:	f79ff06f          	j	80000ca0 <produce+0x24>

80000d2c <consume>:
consume():
80000d2c:	fd010113          	addi	sp,sp,-48
80000d30:	02112623          	sw	ra,44(sp)
80000d34:	02812423          	sw	s0,40(sp)
80000d38:	03010413          	addi	s0,sp,48
80000d3c:	fca42e23          	sw	a0,-36(s0)
80000d40:	0100006f          	j	80000d50 <consume+0x24>
80000d44:	800037b7          	lui	a5,0x80003
80000d48:	54478513          	addi	a0,a5,1348 # 80003544 <__malloc_current_mallinfo>
80000d4c:	ee1ff0ef          	jal	80000c2c <cv_wait>
80000d50:	800037b7          	lui	a5,0x80003
80000d54:	5187a783          	lw	a5,1304(a5) # 80003518 <count>
80000d58:	fe0786e3          	beqz	a5,80000d44 <consume+0x18>
80000d5c:	800037b7          	lui	a5,0x80003
80000d60:	51c7a783          	lw	a5,1308(a5) # 8000351c <head>
80000d64:	80003737          	lui	a4,0x80003
80000d68:	53870713          	addi	a4,a4,1336 # 80003538 <buffer>
80000d6c:	00279793          	slli	a5,a5,0x2
80000d70:	00f707b3          	add	a5,a4,a5
80000d74:	0007a783          	lw	a5,0(a5)
80000d78:	fef42623          	sw	a5,-20(s0)
80000d7c:	800037b7          	lui	a5,0x80003
80000d80:	51c7a783          	lw	a5,1308(a5) # 8000351c <head>
80000d84:	00178693          	addi	a3,a5,1
80000d88:	555557b7          	lui	a5,0x55555
80000d8c:	55678793          	addi	a5,a5,1366 # 55555556 <_start-0x2aaaaaaa>
80000d90:	02f69733          	mulh	a4,a3,a5
80000d94:	41f6d793          	srai	a5,a3,0x1f
80000d98:	40f70733          	sub	a4,a4,a5
80000d9c:	00070793          	mv	a5,a4
80000da0:	00179793          	slli	a5,a5,0x1
80000da4:	00e787b3          	add	a5,a5,a4
80000da8:	40f68733          	sub	a4,a3,a5
80000dac:	800037b7          	lui	a5,0x80003
80000db0:	50e7ae23          	sw	a4,1308(a5) # 8000351c <head>
80000db4:	800037b7          	lui	a5,0x80003
80000db8:	5187a783          	lw	a5,1304(a5) # 80003518 <count>
80000dbc:	fff78713          	addi	a4,a5,-1
80000dc0:	800037b7          	lui	a5,0x80003
80000dc4:	50e7ac23          	sw	a4,1304(a5) # 80003518 <count>
80000dc8:	800037b7          	lui	a5,0x80003
80000dcc:	54478513          	addi	a0,a5,1348 # 80003544 <__malloc_current_mallinfo>
80000dd0:	e85ff0ef          	jal	80000c54 <cv_signal>
80000dd4:	f6dff06f          	j	80000d40 <consume+0x14>

80000dd8 <main>:
main():
80000dd8:	81010113          	addi	sp,sp,-2032
80000ddc:	7e112623          	sw	ra,2028(sp)
80000de0:	7e812423          	sw	s0,2024(sp)
80000de4:	7f010413          	addi	s0,sp,2032
80000de8:	dadff0ef          	jal	80000b94 <thread_init>
80000dec:	fe042623          	sw	zero,-20(s0)
80000df0:	0280006f          	j	80000e18 <main+0x40>
80000df4:	fec42703          	lw	a4,-20(s0)
80000df8:	81440793          	addi	a5,s0,-2028
80000dfc:	00271713          	slli	a4,a4,0x2
80000e00:	00f707b3          	add	a5,a4,a5
80000e04:	fec42703          	lw	a4,-20(s0)
80000e08:	00e7a023          	sw	a4,0(a5)
80000e0c:	fec42783          	lw	a5,-20(s0)
80000e10:	00178793          	addi	a5,a5,1
80000e14:	fef42623          	sw	a5,-20(s0)
80000e18:	fec42703          	lw	a4,-20(s0)
80000e1c:	1f300793          	li	a5,499
80000e20:	fce7dae3          	bge	a5,a4,80000df4 <main+0x1c>
80000e24:	fe042423          	sw	zero,-24(s0)
80000e28:	0300006f          	j	80000e58 <main+0x80>
80000e2c:	fe842783          	lw	a5,-24(s0)
80000e30:	00279793          	slli	a5,a5,0x2
80000e34:	81440713          	addi	a4,s0,-2028
80000e38:	00f707b3          	add	a5,a4,a5
80000e3c:	00078593          	mv	a1,a5
80000e40:	800017b7          	lui	a5,0x80001
80000e44:	d2c78513          	addi	a0,a5,-724 # 80000d2c <consume>
80000e48:	d95ff0ef          	jal	80000bdc <thread_create>
80000e4c:	fe842783          	lw	a5,-24(s0)
80000e50:	00178793          	addi	a5,a5,1
80000e54:	fef42423          	sw	a5,-24(s0)
80000e58:	fe842703          	lw	a4,-24(s0)
80000e5c:	1f300793          	li	a5,499
80000e60:	fce7d6e3          	bge	a5,a4,80000e2c <main+0x54>
80000e64:	fe042223          	sw	zero,-28(s0)
80000e68:	0300006f          	j	80000e98 <main+0xc0>
80000e6c:	fe442783          	lw	a5,-28(s0)
80000e70:	00279793          	slli	a5,a5,0x2
80000e74:	81440713          	addi	a4,s0,-2028
80000e78:	00f707b3          	add	a5,a4,a5
80000e7c:	00078593          	mv	a1,a5
80000e80:	800017b7          	lui	a5,0x80001
80000e84:	c7c78513          	addi	a0,a5,-900 # 80000c7c <produce>
80000e88:	d55ff0ef          	jal	80000bdc <thread_create>
80000e8c:	fe442783          	lw	a5,-28(s0)
80000e90:	00178793          	addi	a5,a5,1
80000e94:	fef42223          	sw	a5,-28(s0)
80000e98:	fe442703          	lw	a4,-28(s0)
80000e9c:	1f300793          	li	a5,499
80000ea0:	fce7d6e3          	bge	a5,a4,80000e6c <main+0x94>
80000ea4:	800037b7          	lui	a5,0x80003
80000ea8:	e3c78513          	addi	a0,a5,-452 # 80002e3c <__modsi3+0x60>
80000eac:	b71ff0ef          	jal	80000a1c <printf>
80000eb0:	d59ff0ef          	jal	80000c08 <thread_exit>
80000eb4:	00000793          	li	a5,0
80000eb8:	00078513          	mv	a0,a5
80000ebc:	7ec12083          	lw	ra,2028(sp)
80000ec0:	7e812403          	lw	s0,2024(sp)
80000ec4:	7f010113          	addi	sp,sp,2032
80000ec8:	00008067          	ret

80000ecc <itoa>:
itoa():
80000ecc:	ff010113          	addi	sp,sp,-16
80000ed0:	00812423          	sw	s0,8(sp)
80000ed4:	00112623          	sw	ra,12(sp)
80000ed8:	ffe60713          	addi	a4,a2,-2
80000edc:	02200793          	li	a5,34
80000ee0:	00058413          	mv	s0,a1
80000ee4:	04e7e063          	bltu	a5,a4,80000f24 <itoa+0x58>
80000ee8:	00a00793          	li	a5,10
80000eec:	02f60063          	beq	a2,a5,80000f0c <itoa+0x40>
80000ef0:	00040593          	mv	a1,s0
80000ef4:	0ad000ef          	jal	800017a0 <__utoa>
80000ef8:	00c12083          	lw	ra,12(sp)
80000efc:	00040513          	mv	a0,s0
80000f00:	00812403          	lw	s0,8(sp)
80000f04:	01010113          	addi	sp,sp,16
80000f08:	00008067          	ret
80000f0c:	fe0552e3          	bgez	a0,80000ef0 <itoa+0x24>
80000f10:	02d00793          	li	a5,45
80000f14:	00f58023          	sb	a5,0(a1)
80000f18:	40a00533          	neg	a0,a0
80000f1c:	00158593          	addi	a1,a1,1
80000f20:	fd5ff06f          	j	80000ef4 <itoa+0x28>
80000f24:	00058023          	sb	zero,0(a1)
80000f28:	00c12083          	lw	ra,12(sp)
80000f2c:	00812403          	lw	s0,8(sp)
80000f30:	00000513          	li	a0,0
80000f34:	01010113          	addi	sp,sp,16
80000f38:	00008067          	ret

80000f3c <malloc>:
malloc():
80000f3c:	00050593          	mv	a1,a0
80000f40:	00002517          	auipc	a0,0x2
80000f44:	5d452503          	lw	a0,1492(a0) # 80003514 <_impure_ptr>
80000f48:	0140006f          	j	80000f5c <_malloc_r>

80000f4c <free>:
free():
80000f4c:	00050593          	mv	a1,a0
80000f50:	00002517          	auipc	a0,0x2
80000f54:	5c452503          	lw	a0,1476(a0) # 80003514 <_impure_ptr>
80000f58:	5e10006f          	j	80001d38 <_free_r>

80000f5c <_malloc_r>:
_malloc_r():
80000f5c:	fd010113          	addi	sp,sp,-48
80000f60:	03212023          	sw	s2,32(sp)
80000f64:	02112623          	sw	ra,44(sp)
80000f68:	02812423          	sw	s0,40(sp)
80000f6c:	02912223          	sw	s1,36(sp)
80000f70:	01312e23          	sw	s3,28(sp)
80000f74:	00b58793          	addi	a5,a1,11
80000f78:	01600713          	li	a4,22
80000f7c:	00050913          	mv	s2,a0
80000f80:	08f76063          	bltu	a4,a5,80001000 <_malloc_r+0xa4>
80000f84:	01000493          	li	s1,16
80000f88:	20b4e463          	bltu	s1,a1,80001190 <_malloc_r+0x234>
80000f8c:	7fc000ef          	jal	80001788 <__malloc_lock>
80000f90:	01800793          	li	a5,24
80000f94:	00200593          	li	a1,2
80000f98:	00002997          	auipc	s3,0x2
80000f9c:	04898993          	addi	s3,s3,72 # 80002fe0 <__malloc_av_>
80000fa0:	00f987b3          	add	a5,s3,a5
80000fa4:	0047a403          	lw	s0,4(a5)
80000fa8:	ff878713          	addi	a4,a5,-8
80000fac:	46e40663          	beq	s0,a4,80001418 <_malloc_r+0x4bc>
80000fb0:	00442783          	lw	a5,4(s0)
80000fb4:	00c42683          	lw	a3,12(s0)
80000fb8:	00842603          	lw	a2,8(s0)
80000fbc:	ffc7f793          	andi	a5,a5,-4
80000fc0:	00f407b3          	add	a5,s0,a5
80000fc4:	0047a703          	lw	a4,4(a5)
80000fc8:	00d62623          	sw	a3,12(a2)
80000fcc:	00c6a423          	sw	a2,8(a3)
80000fd0:	00176713          	ori	a4,a4,1
80000fd4:	00090513          	mv	a0,s2
80000fd8:	00e7a223          	sw	a4,4(a5)
80000fdc:	7b8000ef          	jal	80001794 <__malloc_unlock>
80000fe0:	02c12083          	lw	ra,44(sp)
80000fe4:	00840513          	addi	a0,s0,8
80000fe8:	02812403          	lw	s0,40(sp)
80000fec:	02412483          	lw	s1,36(sp)
80000ff0:	02012903          	lw	s2,32(sp)
80000ff4:	01c12983          	lw	s3,28(sp)
80000ff8:	03010113          	addi	sp,sp,48
80000ffc:	00008067          	ret
80001000:	ff87f493          	andi	s1,a5,-8
80001004:	1807c663          	bltz	a5,80001190 <_malloc_r+0x234>
80001008:	18b4e463          	bltu	s1,a1,80001190 <_malloc_r+0x234>
8000100c:	77c000ef          	jal	80001788 <__malloc_lock>
80001010:	1f700793          	li	a5,503
80001014:	5097fc63          	bgeu	a5,s1,8000152c <_malloc_r+0x5d0>
80001018:	0094d793          	srli	a5,s1,0x9
8000101c:	18078e63          	beqz	a5,800011b8 <_malloc_r+0x25c>
80001020:	00400713          	li	a4,4
80001024:	46f76263          	bltu	a4,a5,80001488 <_malloc_r+0x52c>
80001028:	0064d793          	srli	a5,s1,0x6
8000102c:	03978593          	addi	a1,a5,57
80001030:	03878813          	addi	a6,a5,56
80001034:	00359613          	slli	a2,a1,0x3
80001038:	00002997          	auipc	s3,0x2
8000103c:	fa898993          	addi	s3,s3,-88 # 80002fe0 <__malloc_av_>
80001040:	00c98633          	add	a2,s3,a2
80001044:	00462403          	lw	s0,4(a2)
80001048:	ff860613          	addi	a2,a2,-8
8000104c:	02860863          	beq	a2,s0,8000107c <_malloc_r+0x120>
80001050:	00f00513          	li	a0,15
80001054:	0140006f          	j	80001068 <_malloc_r+0x10c>
80001058:	00c42683          	lw	a3,12(s0)
8000105c:	36075c63          	bgez	a4,800013d4 <_malloc_r+0x478>
80001060:	00d60e63          	beq	a2,a3,8000107c <_malloc_r+0x120>
80001064:	00068413          	mv	s0,a3
80001068:	00442783          	lw	a5,4(s0)
8000106c:	ffc7f793          	andi	a5,a5,-4
80001070:	40978733          	sub	a4,a5,s1
80001074:	fee552e3          	bge	a0,a4,80001058 <_malloc_r+0xfc>
80001078:	00080593          	mv	a1,a6
8000107c:	0109a403          	lw	s0,16(s3)
80001080:	00002897          	auipc	a7,0x2
80001084:	f6888893          	addi	a7,a7,-152 # 80002fe8 <__malloc_av_+0x8>
80001088:	2d140663          	beq	s0,a7,80001354 <_malloc_r+0x3f8>
8000108c:	00442783          	lw	a5,4(s0)
80001090:	00f00693          	li	a3,15
80001094:	ffc7f793          	andi	a5,a5,-4
80001098:	40978733          	sub	a4,a5,s1
8000109c:	48e6ce63          	blt	a3,a4,80001538 <_malloc_r+0x5dc>
800010a0:	0119aa23          	sw	a7,20(s3)
800010a4:	0119a823          	sw	a7,16(s3)
800010a8:	46075263          	bgez	a4,8000150c <_malloc_r+0x5b0>
800010ac:	1ff00713          	li	a4,511
800010b0:	0049a503          	lw	a0,4(s3)
800010b4:	36f76a63          	bltu	a4,a5,80001428 <_malloc_r+0x4cc>
800010b8:	ff87f713          	andi	a4,a5,-8
800010bc:	00870713          	addi	a4,a4,8
800010c0:	00e98733          	add	a4,s3,a4
800010c4:	00072683          	lw	a3,0(a4)
800010c8:	0057d613          	srli	a2,a5,0x5
800010cc:	00100793          	li	a5,1
800010d0:	00c797b3          	sll	a5,a5,a2
800010d4:	00f56533          	or	a0,a0,a5
800010d8:	ff870793          	addi	a5,a4,-8
800010dc:	00d42423          	sw	a3,8(s0)
800010e0:	00f42623          	sw	a5,12(s0)
800010e4:	00a9a223          	sw	a0,4(s3)
800010e8:	00872023          	sw	s0,0(a4)
800010ec:	0086a623          	sw	s0,12(a3)
800010f0:	4025d793          	srai	a5,a1,0x2
800010f4:	00100613          	li	a2,1
800010f8:	00f61633          	sll	a2,a2,a5
800010fc:	0cc56663          	bltu	a0,a2,800011c8 <_malloc_r+0x26c>
80001100:	00a677b3          	and	a5,a2,a0
80001104:	02079463          	bnez	a5,8000112c <_malloc_r+0x1d0>
80001108:	00161613          	slli	a2,a2,0x1
8000110c:	ffc5f593          	andi	a1,a1,-4
80001110:	00a677b3          	and	a5,a2,a0
80001114:	00458593          	addi	a1,a1,4
80001118:	00079a63          	bnez	a5,8000112c <_malloc_r+0x1d0>
8000111c:	00161613          	slli	a2,a2,0x1
80001120:	00a677b3          	and	a5,a2,a0
80001124:	00458593          	addi	a1,a1,4
80001128:	fe078ae3          	beqz	a5,8000111c <_malloc_r+0x1c0>
8000112c:	00f00813          	li	a6,15
80001130:	00359313          	slli	t1,a1,0x3
80001134:	00698333          	add	t1,s3,t1
80001138:	00030513          	mv	a0,t1
8000113c:	00c52783          	lw	a5,12(a0)
80001140:	00058e13          	mv	t3,a1
80001144:	36f50463          	beq	a0,a5,800014ac <_malloc_r+0x550>
80001148:	0047a703          	lw	a4,4(a5)
8000114c:	00078413          	mv	s0,a5
80001150:	00c7a783          	lw	a5,12(a5)
80001154:	ffc77713          	andi	a4,a4,-4
80001158:	409706b3          	sub	a3,a4,s1
8000115c:	36d84463          	blt	a6,a3,800014c4 <_malloc_r+0x568>
80001160:	fe06c2e3          	bltz	a3,80001144 <_malloc_r+0x1e8>
80001164:	00e40733          	add	a4,s0,a4
80001168:	00472683          	lw	a3,4(a4)
8000116c:	00842603          	lw	a2,8(s0)
80001170:	00090513          	mv	a0,s2
80001174:	0016e693          	ori	a3,a3,1
80001178:	00d72223          	sw	a3,4(a4)
8000117c:	00f62623          	sw	a5,12(a2)
80001180:	00c7a423          	sw	a2,8(a5)
80001184:	610000ef          	jal	80001794 <__malloc_unlock>
80001188:	00840513          	addi	a0,s0,8
8000118c:	0100006f          	j	8000119c <_malloc_r+0x240>
80001190:	00c00793          	li	a5,12
80001194:	00f92023          	sw	a5,0(s2)
80001198:	00000513          	li	a0,0
8000119c:	02c12083          	lw	ra,44(sp)
800011a0:	02812403          	lw	s0,40(sp)
800011a4:	02412483          	lw	s1,36(sp)
800011a8:	02012903          	lw	s2,32(sp)
800011ac:	01c12983          	lw	s3,28(sp)
800011b0:	03010113          	addi	sp,sp,48
800011b4:	00008067          	ret
800011b8:	20000613          	li	a2,512
800011bc:	04000593          	li	a1,64
800011c0:	03f00813          	li	a6,63
800011c4:	e75ff06f          	j	80001038 <_malloc_r+0xdc>
800011c8:	0089a403          	lw	s0,8(s3)
800011cc:	01612823          	sw	s6,16(sp)
800011d0:	00442783          	lw	a5,4(s0)
800011d4:	ffc7fb13          	andi	s6,a5,-4
800011d8:	009b6863          	bltu	s6,s1,800011e8 <_malloc_r+0x28c>
800011dc:	409b0733          	sub	a4,s6,s1
800011e0:	00f00793          	li	a5,15
800011e4:	1ae7c663          	blt	a5,a4,80001390 <_malloc_r+0x434>
800011e8:	01912223          	sw	s9,4(sp)
800011ec:	00002c97          	auipc	s9,0x2
800011f0:	320c8c93          	addi	s9,s9,800 # 8000350c <__malloc_sbrk_base>
800011f4:	01512a23          	sw	s5,20(sp)
800011f8:	000ca703          	lw	a4,0(s9)
800011fc:	00002a97          	auipc	s5,0x2
80001200:	330aaa83          	lw	s5,816(s5) # 8000352c <__malloc_top_pad>
80001204:	01412c23          	sw	s4,24(sp)
80001208:	01712623          	sw	s7,12(sp)
8000120c:	fff00793          	li	a5,-1
80001210:	01640a33          	add	s4,s0,s6
80001214:	01548ab3          	add	s5,s1,s5
80001218:	3ef70663          	beq	a4,a5,80001604 <_malloc_r+0x6a8>
8000121c:	000017b7          	lui	a5,0x1
80001220:	00f78793          	addi	a5,a5,15 # 100f <_start-0x7fffeff1>
80001224:	00fa8ab3          	add	s5,s5,a5
80001228:	fffff7b7          	lui	a5,0xfffff
8000122c:	00fafab3          	and	s5,s5,a5
80001230:	000a8593          	mv	a1,s5
80001234:	00090513          	mv	a0,s2
80001238:	00d000ef          	jal	80001a44 <_sbrk_r>
8000123c:	fff00793          	li	a5,-1
80001240:	00050b93          	mv	s7,a0
80001244:	48f50463          	beq	a0,a5,800016cc <_malloc_r+0x770>
80001248:	01812423          	sw	s8,8(sp)
8000124c:	11456863          	bltu	a0,s4,8000135c <_malloc_r+0x400>
80001250:	00002c17          	auipc	s8,0x2
80001254:	2f4c0c13          	addi	s8,s8,756 # 80003544 <__malloc_current_mallinfo>
80001258:	000c2583          	lw	a1,0(s8)
8000125c:	00ba85b3          	add	a1,s5,a1
80001260:	00bc2023          	sw	a1,0(s8)
80001264:	00058713          	mv	a4,a1
80001268:	46aa0863          	beq	s4,a0,800016d8 <_malloc_r+0x77c>
8000126c:	000ca683          	lw	a3,0(s9)
80001270:	fff00793          	li	a5,-1
80001274:	48f68063          	beq	a3,a5,800016f4 <_malloc_r+0x798>
80001278:	414b87b3          	sub	a5,s7,s4
8000127c:	00e787b3          	add	a5,a5,a4
80001280:	00fc2023          	sw	a5,0(s8)
80001284:	007bfc93          	andi	s9,s7,7
80001288:	380c8e63          	beqz	s9,80001624 <_malloc_r+0x6c8>
8000128c:	419b8bb3          	sub	s7,s7,s9
80001290:	000015b7          	lui	a1,0x1
80001294:	008b8b93          	addi	s7,s7,8
80001298:	00858593          	addi	a1,a1,8 # 1008 <_start-0x7fffeff8>
8000129c:	015b8ab3          	add	s5,s7,s5
800012a0:	419585b3          	sub	a1,a1,s9
800012a4:	415585b3          	sub	a1,a1,s5
800012a8:	01459593          	slli	a1,a1,0x14
800012ac:	0145da13          	srli	s4,a1,0x14
800012b0:	000a0593          	mv	a1,s4
800012b4:	00090513          	mv	a0,s2
800012b8:	78c000ef          	jal	80001a44 <_sbrk_r>
800012bc:	fff00793          	li	a5,-1
800012c0:	46f50a63          	beq	a0,a5,80001734 <_malloc_r+0x7d8>
800012c4:	41750533          	sub	a0,a0,s7
800012c8:	01450ab3          	add	s5,a0,s4
800012cc:	000c2703          	lw	a4,0(s8)
800012d0:	0179a423          	sw	s7,8(s3)
800012d4:	001ae793          	ori	a5,s5,1
800012d8:	00ea05b3          	add	a1,s4,a4
800012dc:	00fba223          	sw	a5,4(s7)
800012e0:	00bc2023          	sw	a1,0(s8)
800012e4:	03340e63          	beq	s0,s3,80001320 <_malloc_r+0x3c4>
800012e8:	00f00693          	li	a3,15
800012ec:	3766f263          	bgeu	a3,s6,80001650 <_malloc_r+0x6f4>
800012f0:	00442703          	lw	a4,4(s0)
800012f4:	ff4b0793          	addi	a5,s6,-12
800012f8:	ff87f793          	andi	a5,a5,-8
800012fc:	00177713          	andi	a4,a4,1
80001300:	00f76733          	or	a4,a4,a5
80001304:	00e42223          	sw	a4,4(s0)
80001308:	00500613          	li	a2,5
8000130c:	00f40733          	add	a4,s0,a5
80001310:	00c72223          	sw	a2,4(a4)
80001314:	00c72423          	sw	a2,8(a4)
80001318:	2cf6ea63          	bltu	a3,a5,800015ec <_malloc_r+0x690>
8000131c:	004ba783          	lw	a5,4(s7)
80001320:	00002717          	auipc	a4,0x2
80001324:	20870713          	addi	a4,a4,520 # 80003528 <__malloc_max_sbrked_mem>
80001328:	00072683          	lw	a3,0(a4)
8000132c:	00b6f463          	bgeu	a3,a1,80001334 <_malloc_r+0x3d8>
80001330:	00b72023          	sw	a1,0(a4)
80001334:	00002717          	auipc	a4,0x2
80001338:	1f070713          	addi	a4,a4,496 # 80003524 <__malloc_max_total_mem>
8000133c:	00072683          	lw	a3,0(a4)
80001340:	00b6f463          	bgeu	a3,a1,80001348 <_malloc_r+0x3ec>
80001344:	00b72023          	sw	a1,0(a4)
80001348:	00812c03          	lw	s8,8(sp)
8000134c:	000b8413          	mv	s0,s7
80001350:	01c0006f          	j	8000136c <_malloc_r+0x410>
80001354:	0049a503          	lw	a0,4(s3)
80001358:	d99ff06f          	j	800010f0 <_malloc_r+0x194>
8000135c:	35340c63          	beq	s0,s3,800016b4 <_malloc_r+0x758>
80001360:	0089a403          	lw	s0,8(s3)
80001364:	00812c03          	lw	s8,8(sp)
80001368:	00442783          	lw	a5,4(s0)
8000136c:	ffc7f793          	andi	a5,a5,-4
80001370:	40978733          	sub	a4,a5,s1
80001374:	2e97e463          	bltu	a5,s1,8000165c <_malloc_r+0x700>
80001378:	00f00793          	li	a5,15
8000137c:	2ee7d063          	bge	a5,a4,8000165c <_malloc_r+0x700>
80001380:	01812a03          	lw	s4,24(sp)
80001384:	01412a83          	lw	s5,20(sp)
80001388:	00c12b83          	lw	s7,12(sp)
8000138c:	00412c83          	lw	s9,4(sp)
80001390:	0014e793          	ori	a5,s1,1
80001394:	00f42223          	sw	a5,4(s0)
80001398:	009404b3          	add	s1,s0,s1
8000139c:	0099a423          	sw	s1,8(s3)
800013a0:	00176713          	ori	a4,a4,1
800013a4:	00090513          	mv	a0,s2
800013a8:	00e4a223          	sw	a4,4(s1)
800013ac:	3e8000ef          	jal	80001794 <__malloc_unlock>
800013b0:	02c12083          	lw	ra,44(sp)
800013b4:	00840513          	addi	a0,s0,8
800013b8:	02812403          	lw	s0,40(sp)
800013bc:	01012b03          	lw	s6,16(sp)
800013c0:	02412483          	lw	s1,36(sp)
800013c4:	02012903          	lw	s2,32(sp)
800013c8:	01c12983          	lw	s3,28(sp)
800013cc:	03010113          	addi	sp,sp,48
800013d0:	00008067          	ret
800013d4:	00842603          	lw	a2,8(s0)
800013d8:	00f407b3          	add	a5,s0,a5
800013dc:	0047a703          	lw	a4,4(a5) # fffff004 <__heap_end+0x7fdff004>
800013e0:	00d62623          	sw	a3,12(a2)
800013e4:	00c6a423          	sw	a2,8(a3)
800013e8:	00176713          	ori	a4,a4,1
800013ec:	00090513          	mv	a0,s2
800013f0:	00e7a223          	sw	a4,4(a5)
800013f4:	3a0000ef          	jal	80001794 <__malloc_unlock>
800013f8:	02c12083          	lw	ra,44(sp)
800013fc:	00840513          	addi	a0,s0,8
80001400:	02812403          	lw	s0,40(sp)
80001404:	02412483          	lw	s1,36(sp)
80001408:	02012903          	lw	s2,32(sp)
8000140c:	01c12983          	lw	s3,28(sp)
80001410:	03010113          	addi	sp,sp,48
80001414:	00008067          	ret
80001418:	00c7a403          	lw	s0,12(a5)
8000141c:	00258593          	addi	a1,a1,2
80001420:	c4878ee3          	beq	a5,s0,8000107c <_malloc_r+0x120>
80001424:	b8dff06f          	j	80000fb0 <_malloc_r+0x54>
80001428:	0097d713          	srli	a4,a5,0x9
8000142c:	00400693          	li	a3,4
80001430:	14e6f263          	bgeu	a3,a4,80001574 <_malloc_r+0x618>
80001434:	01400693          	li	a3,20
80001438:	24e6e263          	bltu	a3,a4,8000167c <_malloc_r+0x720>
8000143c:	05c70613          	addi	a2,a4,92
80001440:	00361613          	slli	a2,a2,0x3
80001444:	05b70693          	addi	a3,a4,91
80001448:	00c98633          	add	a2,s3,a2
8000144c:	00062703          	lw	a4,0(a2)
80001450:	ff860613          	addi	a2,a2,-8
80001454:	00e61863          	bne	a2,a4,80001464 <_malloc_r+0x508>
80001458:	1b40006f          	j	8000160c <_malloc_r+0x6b0>
8000145c:	00872703          	lw	a4,8(a4)
80001460:	00e60863          	beq	a2,a4,80001470 <_malloc_r+0x514>
80001464:	00472683          	lw	a3,4(a4)
80001468:	ffc6f693          	andi	a3,a3,-4
8000146c:	fed7e8e3          	bltu	a5,a3,8000145c <_malloc_r+0x500>
80001470:	00c72603          	lw	a2,12(a4)
80001474:	00c42623          	sw	a2,12(s0)
80001478:	00e42423          	sw	a4,8(s0)
8000147c:	00862423          	sw	s0,8(a2)
80001480:	00872623          	sw	s0,12(a4)
80001484:	c6dff06f          	j	800010f0 <_malloc_r+0x194>
80001488:	01400713          	li	a4,20
8000148c:	0ef77e63          	bgeu	a4,a5,80001588 <_malloc_r+0x62c>
80001490:	05400713          	li	a4,84
80001494:	20f76263          	bltu	a4,a5,80001698 <_malloc_r+0x73c>
80001498:	00c4d793          	srli	a5,s1,0xc
8000149c:	06f78593          	addi	a1,a5,111
800014a0:	06e78813          	addi	a6,a5,110
800014a4:	00359613          	slli	a2,a1,0x3
800014a8:	b91ff06f          	j	80001038 <_malloc_r+0xdc>
800014ac:	001e0e13          	addi	t3,t3,1
800014b0:	003e7793          	andi	a5,t3,3
800014b4:	00850513          	addi	a0,a0,8
800014b8:	0e078663          	beqz	a5,800015a4 <_malloc_r+0x648>
800014bc:	00c52783          	lw	a5,12(a0)
800014c0:	c85ff06f          	j	80001144 <_malloc_r+0x1e8>
800014c4:	00842603          	lw	a2,8(s0)
800014c8:	0014e593          	ori	a1,s1,1
800014cc:	00b42223          	sw	a1,4(s0)
800014d0:	00f62623          	sw	a5,12(a2)
800014d4:	00c7a423          	sw	a2,8(a5)
800014d8:	009404b3          	add	s1,s0,s1
800014dc:	0099aa23          	sw	s1,20(s3)
800014e0:	0099a823          	sw	s1,16(s3)
800014e4:	0016e793          	ori	a5,a3,1
800014e8:	00e40733          	add	a4,s0,a4
800014ec:	0114a623          	sw	a7,12(s1)
800014f0:	0114a423          	sw	a7,8(s1)
800014f4:	00f4a223          	sw	a5,4(s1)
800014f8:	00090513          	mv	a0,s2
800014fc:	00d72023          	sw	a3,0(a4)
80001500:	294000ef          	jal	80001794 <__malloc_unlock>
80001504:	00840513          	addi	a0,s0,8
80001508:	c95ff06f          	j	8000119c <_malloc_r+0x240>
8000150c:	00f407b3          	add	a5,s0,a5
80001510:	0047a703          	lw	a4,4(a5)
80001514:	00090513          	mv	a0,s2
80001518:	00176713          	ori	a4,a4,1
8000151c:	00e7a223          	sw	a4,4(a5)
80001520:	274000ef          	jal	80001794 <__malloc_unlock>
80001524:	00840513          	addi	a0,s0,8
80001528:	c75ff06f          	j	8000119c <_malloc_r+0x240>
8000152c:	0034d593          	srli	a1,s1,0x3
80001530:	00848793          	addi	a5,s1,8
80001534:	a65ff06f          	j	80000f98 <_malloc_r+0x3c>
80001538:	0014e693          	ori	a3,s1,1
8000153c:	00d42223          	sw	a3,4(s0)
80001540:	009404b3          	add	s1,s0,s1
80001544:	0099aa23          	sw	s1,20(s3)
80001548:	0099a823          	sw	s1,16(s3)
8000154c:	00176693          	ori	a3,a4,1
80001550:	00f407b3          	add	a5,s0,a5
80001554:	0114a623          	sw	a7,12(s1)
80001558:	0114a423          	sw	a7,8(s1)
8000155c:	00d4a223          	sw	a3,4(s1)
80001560:	00090513          	mv	a0,s2
80001564:	00e7a023          	sw	a4,0(a5)
80001568:	22c000ef          	jal	80001794 <__malloc_unlock>
8000156c:	00840513          	addi	a0,s0,8
80001570:	c2dff06f          	j	8000119c <_malloc_r+0x240>
80001574:	0067d713          	srli	a4,a5,0x6
80001578:	03970613          	addi	a2,a4,57
8000157c:	00361613          	slli	a2,a2,0x3
80001580:	03870693          	addi	a3,a4,56
80001584:	ec5ff06f          	j	80001448 <_malloc_r+0x4ec>
80001588:	05c78593          	addi	a1,a5,92
8000158c:	05b78813          	addi	a6,a5,91
80001590:	00359613          	slli	a2,a1,0x3
80001594:	aa5ff06f          	j	80001038 <_malloc_r+0xdc>
80001598:	00832783          	lw	a5,8(t1)
8000159c:	fff58593          	addi	a1,a1,-1
800015a0:	1e679063          	bne	a5,t1,80001780 <_malloc_r+0x824>
800015a4:	0035f793          	andi	a5,a1,3
800015a8:	ff830313          	addi	t1,t1,-8
800015ac:	fe0796e3          	bnez	a5,80001598 <_malloc_r+0x63c>
800015b0:	0049a703          	lw	a4,4(s3)
800015b4:	fff64793          	not	a5,a2
800015b8:	00e7f7b3          	and	a5,a5,a4
800015bc:	00f9a223          	sw	a5,4(s3)
800015c0:	00161613          	slli	a2,a2,0x1
800015c4:	c0c7e2e3          	bltu	a5,a2,800011c8 <_malloc_r+0x26c>
800015c8:	c00600e3          	beqz	a2,800011c8 <_malloc_r+0x26c>
800015cc:	00f67733          	and	a4,a2,a5
800015d0:	00071a63          	bnez	a4,800015e4 <_malloc_r+0x688>
800015d4:	00161613          	slli	a2,a2,0x1
800015d8:	00f67733          	and	a4,a2,a5
800015dc:	004e0e13          	addi	t3,t3,4
800015e0:	fe070ae3          	beqz	a4,800015d4 <_malloc_r+0x678>
800015e4:	000e0593          	mv	a1,t3
800015e8:	b49ff06f          	j	80001130 <_malloc_r+0x1d4>
800015ec:	00840593          	addi	a1,s0,8
800015f0:	00090513          	mv	a0,s2
800015f4:	744000ef          	jal	80001d38 <_free_r>
800015f8:	000c2583          	lw	a1,0(s8)
800015fc:	0089ab83          	lw	s7,8(s3)
80001600:	d1dff06f          	j	8000131c <_malloc_r+0x3c0>
80001604:	010a8a93          	addi	s5,s5,16
80001608:	c29ff06f          	j	80001230 <_malloc_r+0x2d4>
8000160c:	4026d693          	srai	a3,a3,0x2
80001610:	00100793          	li	a5,1
80001614:	00d797b3          	sll	a5,a5,a3
80001618:	00f56533          	or	a0,a0,a5
8000161c:	00a9a223          	sw	a0,4(s3)
80001620:	e55ff06f          	j	80001474 <_malloc_r+0x518>
80001624:	015b85b3          	add	a1,s7,s5
80001628:	40b005b3          	neg	a1,a1
8000162c:	01459593          	slli	a1,a1,0x14
80001630:	0145da13          	srli	s4,a1,0x14
80001634:	000a0593          	mv	a1,s4
80001638:	00090513          	mv	a0,s2
8000163c:	408000ef          	jal	80001a44 <_sbrk_r>
80001640:	fff00793          	li	a5,-1
80001644:	c8f510e3          	bne	a0,a5,800012c4 <_malloc_r+0x368>
80001648:	00000a13          	li	s4,0
8000164c:	c81ff06f          	j	800012cc <_malloc_r+0x370>
80001650:	00812c03          	lw	s8,8(sp)
80001654:	00100793          	li	a5,1
80001658:	00fba223          	sw	a5,4(s7)
8000165c:	00090513          	mv	a0,s2
80001660:	134000ef          	jal	80001794 <__malloc_unlock>
80001664:	01812a03          	lw	s4,24(sp)
80001668:	01412a83          	lw	s5,20(sp)
8000166c:	01012b03          	lw	s6,16(sp)
80001670:	00c12b83          	lw	s7,12(sp)
80001674:	00412c83          	lw	s9,4(sp)
80001678:	b21ff06f          	j	80001198 <_malloc_r+0x23c>
8000167c:	05400693          	li	a3,84
80001680:	06e6ee63          	bltu	a3,a4,800016fc <_malloc_r+0x7a0>
80001684:	00c7d713          	srli	a4,a5,0xc
80001688:	06f70613          	addi	a2,a4,111
8000168c:	00361613          	slli	a2,a2,0x3
80001690:	06e70693          	addi	a3,a4,110
80001694:	db5ff06f          	j	80001448 <_malloc_r+0x4ec>
80001698:	15400713          	li	a4,340
8000169c:	06f76e63          	bltu	a4,a5,80001718 <_malloc_r+0x7bc>
800016a0:	00f4d793          	srli	a5,s1,0xf
800016a4:	07878593          	addi	a1,a5,120
800016a8:	07778813          	addi	a6,a5,119
800016ac:	00359613          	slli	a2,a1,0x3
800016b0:	989ff06f          	j	80001038 <_malloc_r+0xdc>
800016b4:	00002c17          	auipc	s8,0x2
800016b8:	e90c0c13          	addi	s8,s8,-368 # 80003544 <__malloc_current_mallinfo>
800016bc:	000c2703          	lw	a4,0(s8)
800016c0:	00ea8733          	add	a4,s5,a4
800016c4:	00ec2023          	sw	a4,0(s8)
800016c8:	ba5ff06f          	j	8000126c <_malloc_r+0x310>
800016cc:	0089a403          	lw	s0,8(s3)
800016d0:	00442783          	lw	a5,4(s0)
800016d4:	c99ff06f          	j	8000136c <_malloc_r+0x410>
800016d8:	01451793          	slli	a5,a0,0x14
800016dc:	b80798e3          	bnez	a5,8000126c <_malloc_r+0x310>
800016e0:	0089ab83          	lw	s7,8(s3)
800016e4:	015b07b3          	add	a5,s6,s5
800016e8:	0017e793          	ori	a5,a5,1
800016ec:	00fba223          	sw	a5,4(s7)
800016f0:	c31ff06f          	j	80001320 <_malloc_r+0x3c4>
800016f4:	017ca023          	sw	s7,0(s9)
800016f8:	b8dff06f          	j	80001284 <_malloc_r+0x328>
800016fc:	15400693          	li	a3,340
80001700:	04e6e463          	bltu	a3,a4,80001748 <_malloc_r+0x7ec>
80001704:	00f7d713          	srli	a4,a5,0xf
80001708:	07870613          	addi	a2,a4,120
8000170c:	00361613          	slli	a2,a2,0x3
80001710:	07770693          	addi	a3,a4,119
80001714:	d35ff06f          	j	80001448 <_malloc_r+0x4ec>
80001718:	55400713          	li	a4,1364
8000171c:	04f76463          	bltu	a4,a5,80001764 <_malloc_r+0x808>
80001720:	0124d793          	srli	a5,s1,0x12
80001724:	07d78593          	addi	a1,a5,125
80001728:	07c78813          	addi	a6,a5,124
8000172c:	00359613          	slli	a2,a1,0x3
80001730:	909ff06f          	j	80001038 <_malloc_r+0xdc>
80001734:	ff8c8c93          	addi	s9,s9,-8
80001738:	019a8ab3          	add	s5,s5,s9
8000173c:	417a8ab3          	sub	s5,s5,s7
80001740:	00000a13          	li	s4,0
80001744:	b89ff06f          	j	800012cc <_malloc_r+0x370>
80001748:	55400693          	li	a3,1364
8000174c:	02e6e463          	bltu	a3,a4,80001774 <_malloc_r+0x818>
80001750:	0127d713          	srli	a4,a5,0x12
80001754:	07d70613          	addi	a2,a4,125
80001758:	00361613          	slli	a2,a2,0x3
8000175c:	07c70693          	addi	a3,a4,124
80001760:	ce9ff06f          	j	80001448 <_malloc_r+0x4ec>
80001764:	3f800613          	li	a2,1016
80001768:	07f00593          	li	a1,127
8000176c:	07e00813          	li	a6,126
80001770:	8c9ff06f          	j	80001038 <_malloc_r+0xdc>
80001774:	3f800613          	li	a2,1016
80001778:	07e00693          	li	a3,126
8000177c:	ccdff06f          	j	80001448 <_malloc_r+0x4ec>
80001780:	0049a783          	lw	a5,4(s3)
80001784:	e3dff06f          	j	800015c0 <_malloc_r+0x664>

80001788 <__malloc_lock>:
__malloc_lock():
80001788:	00002517          	auipc	a0,0x2
8000178c:	da850513          	addi	a0,a0,-600 # 80003530 <__lock___malloc_recursive_mutex>
80001790:	32c0006f          	j	80001abc <__retarget_lock_acquire_recursive>

80001794 <__malloc_unlock>:
__malloc_unlock():
80001794:	00002517          	auipc	a0,0x2
80001798:	d9c50513          	addi	a0,a0,-612 # 80003530 <__lock___malloc_recursive_mutex>
8000179c:	3240006f          	j	80001ac0 <__retarget_lock_release_recursive>

800017a0 <__utoa>:
__utoa():
800017a0:	00001797          	auipc	a5,0x1
800017a4:	71478793          	addi	a5,a5,1812 # 80002eb4 <digits.0+0xc>
800017a8:	0007a283          	lw	t0,0(a5)
800017ac:	0047af83          	lw	t6,4(a5)
800017b0:	0087af03          	lw	t5,8(a5)
800017b4:	00c7ae83          	lw	t4,12(a5)
800017b8:	0107ae03          	lw	t3,16(a5)
800017bc:	0147a303          	lw	t1,20(a5)
800017c0:	0187a883          	lw	a7,24(a5)
800017c4:	01c7a803          	lw	a6,28(a5)
800017c8:	0207a683          	lw	a3,32(a5)
800017cc:	00001797          	auipc	a5,0x1
800017d0:	70c7c783          	lbu	a5,1804(a5) # 80002ed8 <digits.0+0x30>
800017d4:	fb010113          	addi	sp,sp,-80
800017d8:	03512a23          	sw	s5,52(sp)
800017dc:	02f10623          	sb	a5,44(sp)
800017e0:	04112623          	sw	ra,76(sp)
800017e4:	ffe60713          	addi	a4,a2,-2
800017e8:	00512423          	sw	t0,8(sp)
800017ec:	01f12623          	sw	t6,12(sp)
800017f0:	01e12823          	sw	t5,16(sp)
800017f4:	01d12a23          	sw	t4,20(sp)
800017f8:	01c12c23          	sw	t3,24(sp)
800017fc:	00612e23          	sw	t1,28(sp)
80001800:	03112023          	sw	a7,32(sp)
80001804:	03012223          	sw	a6,36(sp)
80001808:	02d12423          	sw	a3,40(sp)
8000180c:	02200793          	li	a5,34
80001810:	00058a93          	mv	s5,a1
80001814:	0ce7e463          	bltu	a5,a4,800018dc <__utoa+0x13c>
80001818:	04812423          	sw	s0,72(sp)
8000181c:	04912223          	sw	s1,68(sp)
80001820:	05212023          	sw	s2,64(sp)
80001824:	03312e23          	sw	s3,60(sp)
80001828:	03412c23          	sw	s4,56(sp)
8000182c:	03612823          	sw	s6,48(sp)
80001830:	00060493          	mv	s1,a2
80001834:	00050413          	mv	s0,a0
80001838:	00000913          	li	s2,0
8000183c:	00048593          	mv	a1,s1
80001840:	00040513          	mv	a0,s0
80001844:	564010ef          	jal	80002da8 <__umodsi3>
80001848:	00250533          	add	a0,a0,sp
8000184c:	00854783          	lbu	a5,8(a0)
80001850:	00090993          	mv	s3,s2
80001854:	00190913          	addi	s2,s2,1
80001858:	012a8a33          	add	s4,s5,s2
8000185c:	00040513          	mv	a0,s0
80001860:	00048593          	mv	a1,s1
80001864:	fefa0fa3          	sb	a5,-1(s4)
80001868:	00040b13          	mv	s6,s0
8000186c:	4f4010ef          	jal	80002d60 <__hidden___udivsi3>
80001870:	00050413          	mv	s0,a0
80001874:	fc9b74e3          	bgeu	s6,s1,8000183c <__utoa+0x9c>
80001878:	000a0023          	sb	zero,0(s4)
8000187c:	02098a63          	beqz	s3,800018b0 <__utoa+0x110>
80001880:	000a8693          	mv	a3,s5
80001884:	013a8733          	add	a4,s5,s3
80001888:	00000793          	li	a5,0
8000188c:	00074583          	lbu	a1,0(a4)
80001890:	0006c603          	lbu	a2,0(a3)
80001894:	00178793          	addi	a5,a5,1
80001898:	00b68023          	sb	a1,0(a3)
8000189c:	00c70023          	sb	a2,0(a4)
800018a0:	40f98633          	sub	a2,s3,a5
800018a4:	00168693          	addi	a3,a3,1
800018a8:	fff70713          	addi	a4,a4,-1
800018ac:	fec7c0e3          	blt	a5,a2,8000188c <__utoa+0xec>
800018b0:	04812403          	lw	s0,72(sp)
800018b4:	04c12083          	lw	ra,76(sp)
800018b8:	04412483          	lw	s1,68(sp)
800018bc:	04012903          	lw	s2,64(sp)
800018c0:	03c12983          	lw	s3,60(sp)
800018c4:	03812a03          	lw	s4,56(sp)
800018c8:	03012b03          	lw	s6,48(sp)
800018cc:	000a8513          	mv	a0,s5
800018d0:	03412a83          	lw	s5,52(sp)
800018d4:	05010113          	addi	sp,sp,80
800018d8:	00008067          	ret
800018dc:	00058023          	sb	zero,0(a1)
800018e0:	04c12083          	lw	ra,76(sp)
800018e4:	03412a83          	lw	s5,52(sp)
800018e8:	00000513          	li	a0,0
800018ec:	05010113          	addi	sp,sp,80
800018f0:	00008067          	ret

800018f4 <utoa>:
utoa():
800018f4:	eadff06f          	j	800017a0 <__utoa>

800018f8 <strcat>:
strcat():
800018f8:	ff010113          	addi	sp,sp,-16
800018fc:	00812423          	sw	s0,8(sp)
80001900:	00112623          	sw	ra,12(sp)
80001904:	00357793          	andi	a5,a0,3
80001908:	00050413          	mv	s0,a0
8000190c:	06079663          	bnez	a5,80001978 <strcat+0x80>
80001910:	00052703          	lw	a4,0(a0)
80001914:	feff0637          	lui	a2,0xfeff0
80001918:	eff60613          	addi	a2,a2,-257 # fefefeff <__heap_end+0x7edefeff>
8000191c:	00c707b3          	add	a5,a4,a2
80001920:	808086b7          	lui	a3,0x80808
80001924:	fff74713          	not	a4,a4
80001928:	00e7f7b3          	and	a5,a5,a4
8000192c:	08068693          	addi	a3,a3,128 # 80808080 <__heap_end+0x608080>
80001930:	00d7f7b3          	and	a5,a5,a3
80001934:	04079263          	bnez	a5,80001978 <strcat+0x80>
80001938:	00452703          	lw	a4,4(a0)
8000193c:	00450513          	addi	a0,a0,4
80001940:	00c707b3          	add	a5,a4,a2
80001944:	fff74713          	not	a4,a4
80001948:	00e7f7b3          	and	a5,a5,a4
8000194c:	00d7f7b3          	and	a5,a5,a3
80001950:	02079463          	bnez	a5,80001978 <strcat+0x80>
80001954:	00452703          	lw	a4,4(a0)
80001958:	00450513          	addi	a0,a0,4
8000195c:	00c707b3          	add	a5,a4,a2
80001960:	fff74713          	not	a4,a4
80001964:	00e7f7b3          	and	a5,a5,a4
80001968:	00d7f7b3          	and	a5,a5,a3
8000196c:	fc0786e3          	beqz	a5,80001938 <strcat+0x40>
80001970:	0080006f          	j	80001978 <strcat+0x80>
80001974:	00150513          	addi	a0,a0,1
80001978:	00054783          	lbu	a5,0(a0)
8000197c:	fe079ce3          	bnez	a5,80001974 <strcat+0x7c>
80001980:	1d0000ef          	jal	80001b50 <strcpy>
80001984:	00c12083          	lw	ra,12(sp)
80001988:	00040513          	mv	a0,s0
8000198c:	00812403          	lw	s0,8(sp)
80001990:	01010113          	addi	sp,sp,16
80001994:	00008067          	ret

80001998 <strncat>:
strncat():
80001998:	00357713          	andi	a4,a0,3
8000199c:	00050793          	mv	a5,a0
800019a0:	06071663          	bnez	a4,80001a0c <strncat+0x74>
800019a4:	00052683          	lw	a3,0(a0)
800019a8:	feff08b7          	lui	a7,0xfeff0
800019ac:	eff88893          	addi	a7,a7,-257 # fefefeff <__heap_end+0x7edefeff>
800019b0:	01168733          	add	a4,a3,a7
800019b4:	80808837          	lui	a6,0x80808
800019b8:	fff6c693          	not	a3,a3
800019bc:	00d77733          	and	a4,a4,a3
800019c0:	08080813          	addi	a6,a6,128 # 80808080 <__heap_end+0x608080>
800019c4:	01077733          	and	a4,a4,a6
800019c8:	04071263          	bnez	a4,80001a0c <strncat+0x74>
800019cc:	0047a683          	lw	a3,4(a5)
800019d0:	00478793          	addi	a5,a5,4
800019d4:	01168733          	add	a4,a3,a7
800019d8:	fff6c693          	not	a3,a3
800019dc:	00d77733          	and	a4,a4,a3
800019e0:	01077733          	and	a4,a4,a6
800019e4:	02071463          	bnez	a4,80001a0c <strncat+0x74>
800019e8:	0047a683          	lw	a3,4(a5)
800019ec:	00478793          	addi	a5,a5,4
800019f0:	01168733          	add	a4,a3,a7
800019f4:	fff6c693          	not	a3,a3
800019f8:	00d77733          	and	a4,a4,a3
800019fc:	01077733          	and	a4,a4,a6
80001a00:	fc0706e3          	beqz	a4,800019cc <strncat+0x34>
80001a04:	0080006f          	j	80001a0c <strncat+0x74>
80001a08:	00178793          	addi	a5,a5,1
80001a0c:	0007c703          	lbu	a4,0(a5)
80001a10:	fe071ce3          	bnez	a4,80001a08 <strncat+0x70>
80001a14:	00c786b3          	add	a3,a5,a2
80001a18:	02060463          	beqz	a2,80001a40 <strncat+0xa8>
80001a1c:	0005c703          	lbu	a4,0(a1)
80001a20:	00178793          	addi	a5,a5,1
80001a24:	00158593          	addi	a1,a1,1
80001a28:	fee78fa3          	sb	a4,-1(a5)
80001a2c:	00070863          	beqz	a4,80001a3c <strncat+0xa4>
80001a30:	fef696e3          	bne	a3,a5,80001a1c <strncat+0x84>
80001a34:	00068023          	sb	zero,0(a3)
80001a38:	00008067          	ret
80001a3c:	00008067          	ret
80001a40:	00008067          	ret

80001a44 <_sbrk_r>:
_sbrk_r():
80001a44:	ff010113          	addi	sp,sp,-16
80001a48:	00812423          	sw	s0,8(sp)
80001a4c:	00050413          	mv	s0,a0
80001a50:	00058513          	mv	a0,a1
80001a54:	00002797          	auipc	a5,0x2
80001a58:	ae07a023          	sw	zero,-1312(a5) # 80003534 <errno>
80001a5c:	00112623          	sw	ra,12(sp)
80001a60:	8b0ff0ef          	jal	80000b10 <_sbrk>
80001a64:	fff00793          	li	a5,-1
80001a68:	00f50a63          	beq	a0,a5,80001a7c <_sbrk_r+0x38>
80001a6c:	00c12083          	lw	ra,12(sp)
80001a70:	00812403          	lw	s0,8(sp)
80001a74:	01010113          	addi	sp,sp,16
80001a78:	00008067          	ret
80001a7c:	00912223          	sw	s1,4(sp)
80001a80:	00002497          	auipc	s1,0x2
80001a84:	ab448493          	addi	s1,s1,-1356 # 80003534 <errno>
80001a88:	0004a783          	lw	a5,0(s1)
80001a8c:	00078e63          	beqz	a5,80001aa8 <_sbrk_r+0x64>
80001a90:	00c12083          	lw	ra,12(sp)
80001a94:	00f42023          	sw	a5,0(s0)
80001a98:	00812403          	lw	s0,8(sp)
80001a9c:	00412483          	lw	s1,4(sp)
80001aa0:	01010113          	addi	sp,sp,16
80001aa4:	00008067          	ret
80001aa8:	00c12083          	lw	ra,12(sp)
80001aac:	00812403          	lw	s0,8(sp)
80001ab0:	00412483          	lw	s1,4(sp)
80001ab4:	01010113          	addi	sp,sp,16
80001ab8:	00008067          	ret

80001abc <__retarget_lock_acquire_recursive>:
__retarget_lock_acquire_recursive():
80001abc:	00008067          	ret

80001ac0 <__retarget_lock_release_recursive>:
__retarget_lock_release_recursive():
80001ac0:	00008067          	ret

80001ac4 <strlen>:
strlen():
80001ac4:	00357793          	andi	a5,a0,3
80001ac8:	00050713          	mv	a4,a0
80001acc:	04079c63          	bnez	a5,80001b24 <strlen+0x60>
80001ad0:	7f7f86b7          	lui	a3,0x7f7f8
80001ad4:	f7f68693          	addi	a3,a3,-129 # 7f7f7f7f <_start-0x808081>
80001ad8:	fff00593          	li	a1,-1
80001adc:	00072603          	lw	a2,0(a4)
80001ae0:	00470713          	addi	a4,a4,4
80001ae4:	00d677b3          	and	a5,a2,a3
80001ae8:	00d787b3          	add	a5,a5,a3
80001aec:	00c7e7b3          	or	a5,a5,a2
80001af0:	00d7e7b3          	or	a5,a5,a3
80001af4:	feb784e3          	beq	a5,a1,80001adc <strlen+0x18>
80001af8:	ffc74683          	lbu	a3,-4(a4)
80001afc:	40a707b3          	sub	a5,a4,a0
80001b00:	04068463          	beqz	a3,80001b48 <strlen+0x84>
80001b04:	ffd74683          	lbu	a3,-3(a4)
80001b08:	02068c63          	beqz	a3,80001b40 <strlen+0x7c>
80001b0c:	ffe74503          	lbu	a0,-2(a4)
80001b10:	00a03533          	snez	a0,a0
80001b14:	00f50533          	add	a0,a0,a5
80001b18:	ffe50513          	addi	a0,a0,-2
80001b1c:	00008067          	ret
80001b20:	fa0688e3          	beqz	a3,80001ad0 <strlen+0xc>
80001b24:	00074783          	lbu	a5,0(a4)
80001b28:	00170713          	addi	a4,a4,1
80001b2c:	00377693          	andi	a3,a4,3
80001b30:	fe0798e3          	bnez	a5,80001b20 <strlen+0x5c>
80001b34:	40a70733          	sub	a4,a4,a0
80001b38:	fff70513          	addi	a0,a4,-1
80001b3c:	00008067          	ret
80001b40:	ffd78513          	addi	a0,a5,-3
80001b44:	00008067          	ret
80001b48:	ffc78513          	addi	a0,a5,-4
80001b4c:	00008067          	ret

80001b50 <strcpy>:
strcpy():
80001b50:	00b567b3          	or	a5,a0,a1
80001b54:	0037f793          	andi	a5,a5,3
80001b58:	08079063          	bnez	a5,80001bd8 <strcpy+0x88>
80001b5c:	0005a703          	lw	a4,0(a1)
80001b60:	7f7f86b7          	lui	a3,0x7f7f8
80001b64:	f7f68693          	addi	a3,a3,-129 # 7f7f7f7f <_start-0x808081>
80001b68:	00d77833          	and	a6,a4,a3
80001b6c:	00d80833          	add	a6,a6,a3
80001b70:	00e86833          	or	a6,a6,a4
80001b74:	00d86833          	or	a6,a6,a3
80001b78:	fff00793          	li	a5,-1
80001b7c:	00050613          	mv	a2,a0
80001b80:	02f81463          	bne	a6,a5,80001ba8 <strcpy+0x58>
80001b84:	00458593          	addi	a1,a1,4
80001b88:	00e62023          	sw	a4,0(a2)
80001b8c:	0005a703          	lw	a4,0(a1)
80001b90:	00460613          	addi	a2,a2,4
80001b94:	00d777b3          	and	a5,a4,a3
80001b98:	00d787b3          	add	a5,a5,a3
80001b9c:	00e7e7b3          	or	a5,a5,a4
80001ba0:	00d7e7b3          	or	a5,a5,a3
80001ba4:	ff0780e3          	beq	a5,a6,80001b84 <strcpy+0x34>
80001ba8:	0005c783          	lbu	a5,0(a1)
80001bac:	0015c703          	lbu	a4,1(a1)
80001bb0:	0025c683          	lbu	a3,2(a1)
80001bb4:	00f60023          	sb	a5,0(a2)
80001bb8:	00078a63          	beqz	a5,80001bcc <strcpy+0x7c>
80001bbc:	00e600a3          	sb	a4,1(a2)
80001bc0:	00070663          	beqz	a4,80001bcc <strcpy+0x7c>
80001bc4:	00d60123          	sb	a3,2(a2)
80001bc8:	00069463          	bnez	a3,80001bd0 <strcpy+0x80>
80001bcc:	00008067          	ret
80001bd0:	000601a3          	sb	zero,3(a2)
80001bd4:	00008067          	ret
80001bd8:	00050793          	mv	a5,a0
80001bdc:	0005c703          	lbu	a4,0(a1)
80001be0:	00178793          	addi	a5,a5,1
80001be4:	00158593          	addi	a1,a1,1
80001be8:	fee78fa3          	sb	a4,-1(a5)
80001bec:	fe0718e3          	bnez	a4,80001bdc <strcpy+0x8c>
80001bf0:	00008067          	ret

80001bf4 <_malloc_trim_r>:
_malloc_trim_r():
80001bf4:	fe010113          	addi	sp,sp,-32
80001bf8:	00812c23          	sw	s0,24(sp)
80001bfc:	00912a23          	sw	s1,20(sp)
80001c00:	01212823          	sw	s2,16(sp)
80001c04:	01312623          	sw	s3,12(sp)
80001c08:	01412423          	sw	s4,8(sp)
80001c0c:	00058993          	mv	s3,a1
80001c10:	00112e23          	sw	ra,28(sp)
80001c14:	00050913          	mv	s2,a0
80001c18:	00001a17          	auipc	s4,0x1
80001c1c:	3c8a0a13          	addi	s4,s4,968 # 80002fe0 <__malloc_av_>
80001c20:	b69ff0ef          	jal	80001788 <__malloc_lock>
80001c24:	008a2783          	lw	a5,8(s4)
80001c28:	00001437          	lui	s0,0x1
80001c2c:	fef40413          	addi	s0,s0,-17 # fef <_start-0x7ffff011>
80001c30:	0047a483          	lw	s1,4(a5)
80001c34:	000017b7          	lui	a5,0x1
80001c38:	ffc4f493          	andi	s1,s1,-4
80001c3c:	00848433          	add	s0,s1,s0
80001c40:	41340433          	sub	s0,s0,s3
80001c44:	00c45413          	srli	s0,s0,0xc
80001c48:	fff40413          	addi	s0,s0,-1
80001c4c:	00c41413          	slli	s0,s0,0xc
80001c50:	00f44e63          	blt	s0,a5,80001c6c <_malloc_trim_r+0x78>
80001c54:	00000593          	li	a1,0
80001c58:	00090513          	mv	a0,s2
80001c5c:	de9ff0ef          	jal	80001a44 <_sbrk_r>
80001c60:	008a2783          	lw	a5,8(s4)
80001c64:	009787b3          	add	a5,a5,s1
80001c68:	02f50863          	beq	a0,a5,80001c98 <_malloc_trim_r+0xa4>
80001c6c:	00090513          	mv	a0,s2
80001c70:	b25ff0ef          	jal	80001794 <__malloc_unlock>
80001c74:	01c12083          	lw	ra,28(sp)
80001c78:	01812403          	lw	s0,24(sp)
80001c7c:	01412483          	lw	s1,20(sp)
80001c80:	01012903          	lw	s2,16(sp)
80001c84:	00c12983          	lw	s3,12(sp)
80001c88:	00812a03          	lw	s4,8(sp)
80001c8c:	00000513          	li	a0,0
80001c90:	02010113          	addi	sp,sp,32
80001c94:	00008067          	ret
80001c98:	408005b3          	neg	a1,s0
80001c9c:	00090513          	mv	a0,s2
80001ca0:	da5ff0ef          	jal	80001a44 <_sbrk_r>
80001ca4:	fff00793          	li	a5,-1
80001ca8:	04f50a63          	beq	a0,a5,80001cfc <_malloc_trim_r+0x108>
80001cac:	00002717          	auipc	a4,0x2
80001cb0:	89870713          	addi	a4,a4,-1896 # 80003544 <__malloc_current_mallinfo>
80001cb4:	008a2683          	lw	a3,8(s4)
80001cb8:	00072783          	lw	a5,0(a4)
80001cbc:	408484b3          	sub	s1,s1,s0
80001cc0:	0014e493          	ori	s1,s1,1
80001cc4:	00090513          	mv	a0,s2
80001cc8:	408787b3          	sub	a5,a5,s0
80001ccc:	0096a223          	sw	s1,4(a3)
80001cd0:	00f72023          	sw	a5,0(a4)
80001cd4:	ac1ff0ef          	jal	80001794 <__malloc_unlock>
80001cd8:	01c12083          	lw	ra,28(sp)
80001cdc:	01812403          	lw	s0,24(sp)
80001ce0:	01412483          	lw	s1,20(sp)
80001ce4:	01012903          	lw	s2,16(sp)
80001ce8:	00c12983          	lw	s3,12(sp)
80001cec:	00812a03          	lw	s4,8(sp)
80001cf0:	00100513          	li	a0,1
80001cf4:	02010113          	addi	sp,sp,32
80001cf8:	00008067          	ret
80001cfc:	00000593          	li	a1,0
80001d00:	00090513          	mv	a0,s2
80001d04:	d41ff0ef          	jal	80001a44 <_sbrk_r>
80001d08:	008a2703          	lw	a4,8(s4)
80001d0c:	00f00693          	li	a3,15
80001d10:	40e507b3          	sub	a5,a0,a4
80001d14:	f4f6dce3          	bge	a3,a5,80001c6c <_malloc_trim_r+0x78>
80001d18:	00001697          	auipc	a3,0x1
80001d1c:	7f46a683          	lw	a3,2036(a3) # 8000350c <__malloc_sbrk_base>
80001d20:	0017e793          	ori	a5,a5,1
80001d24:	00f72223          	sw	a5,4(a4)
80001d28:	40d50533          	sub	a0,a0,a3
80001d2c:	00002797          	auipc	a5,0x2
80001d30:	80a7ac23          	sw	a0,-2024(a5) # 80003544 <__malloc_current_mallinfo>
80001d34:	f39ff06f          	j	80001c6c <_malloc_trim_r+0x78>

80001d38 <_free_r>:
_free_r():
80001d38:	12058663          	beqz	a1,80001e64 <_free_r+0x12c>
80001d3c:	ff010113          	addi	sp,sp,-16
80001d40:	00812423          	sw	s0,8(sp)
80001d44:	00912223          	sw	s1,4(sp)
80001d48:	00058413          	mv	s0,a1
80001d4c:	00050493          	mv	s1,a0
80001d50:	00112623          	sw	ra,12(sp)
80001d54:	a35ff0ef          	jal	80001788 <__malloc_lock>
80001d58:	ffc42583          	lw	a1,-4(s0)
80001d5c:	ff840713          	addi	a4,s0,-8
80001d60:	00001817          	auipc	a6,0x1
80001d64:	28080813          	addi	a6,a6,640 # 80002fe0 <__malloc_av_>
80001d68:	ffe5f793          	andi	a5,a1,-2
80001d6c:	00f70633          	add	a2,a4,a5
80001d70:	00462683          	lw	a3,4(a2)
80001d74:	00882503          	lw	a0,8(a6)
80001d78:	0015f893          	andi	a7,a1,1
80001d7c:	ffc6f693          	andi	a3,a3,-4
80001d80:	18c50c63          	beq	a0,a2,80001f18 <_free_r+0x1e0>
80001d84:	00d62223          	sw	a3,4(a2)
80001d88:	00d60533          	add	a0,a2,a3
80001d8c:	00452503          	lw	a0,4(a0)
80001d90:	00157513          	andi	a0,a0,1
80001d94:	08089c63          	bnez	a7,80001e2c <_free_r+0xf4>
80001d98:	ff842303          	lw	t1,-8(s0)
80001d9c:	00001897          	auipc	a7,0x1
80001da0:	24c88893          	addi	a7,a7,588 # 80002fe8 <__malloc_av_+0x8>
80001da4:	40670733          	sub	a4,a4,t1
80001da8:	00872583          	lw	a1,8(a4)
80001dac:	006787b3          	add	a5,a5,t1
80001db0:	13158e63          	beq	a1,a7,80001eec <_free_r+0x1b4>
80001db4:	00c72303          	lw	t1,12(a4)
80001db8:	0065a623          	sw	t1,12(a1)
80001dbc:	00b32423          	sw	a1,8(t1)
80001dc0:	1a050463          	beqz	a0,80001f68 <_free_r+0x230>
80001dc4:	0017e693          	ori	a3,a5,1
80001dc8:	00d72223          	sw	a3,4(a4)
80001dcc:	00f62023          	sw	a5,0(a2)
80001dd0:	1ff00693          	li	a3,511
80001dd4:	0af6e463          	bltu	a3,a5,80001e7c <_free_r+0x144>
80001dd8:	ff87f693          	andi	a3,a5,-8
80001ddc:	00868693          	addi	a3,a3,8
80001de0:	00482583          	lw	a1,4(a6)
80001de4:	00d806b3          	add	a3,a6,a3
80001de8:	0006a603          	lw	a2,0(a3)
80001dec:	0057d513          	srli	a0,a5,0x5
80001df0:	00100793          	li	a5,1
80001df4:	00a797b3          	sll	a5,a5,a0
80001df8:	00b7e7b3          	or	a5,a5,a1
80001dfc:	ff868593          	addi	a1,a3,-8
80001e00:	00c72423          	sw	a2,8(a4)
80001e04:	00b72623          	sw	a1,12(a4)
80001e08:	00f82223          	sw	a5,4(a6)
80001e0c:	00e6a023          	sw	a4,0(a3)
80001e10:	00e62623          	sw	a4,12(a2)
80001e14:	00812403          	lw	s0,8(sp)
80001e18:	00c12083          	lw	ra,12(sp)
80001e1c:	00048513          	mv	a0,s1
80001e20:	00412483          	lw	s1,4(sp)
80001e24:	01010113          	addi	sp,sp,16
80001e28:	96dff06f          	j	80001794 <__malloc_unlock>
80001e2c:	02051e63          	bnez	a0,80001e68 <_free_r+0x130>
80001e30:	00d787b3          	add	a5,a5,a3
80001e34:	00001897          	auipc	a7,0x1
80001e38:	1b488893          	addi	a7,a7,436 # 80002fe8 <__malloc_av_+0x8>
80001e3c:	00862683          	lw	a3,8(a2)
80001e40:	0017e513          	ori	a0,a5,1
80001e44:	00f705b3          	add	a1,a4,a5
80001e48:	17168663          	beq	a3,a7,80001fb4 <_free_r+0x27c>
80001e4c:	00c62603          	lw	a2,12(a2)
80001e50:	00c6a623          	sw	a2,12(a3)
80001e54:	00d62423          	sw	a3,8(a2)
80001e58:	00a72223          	sw	a0,4(a4)
80001e5c:	00f5a023          	sw	a5,0(a1)
80001e60:	f71ff06f          	j	80001dd0 <_free_r+0x98>
80001e64:	00008067          	ret
80001e68:	0015e593          	ori	a1,a1,1
80001e6c:	feb42e23          	sw	a1,-4(s0)
80001e70:	00f62023          	sw	a5,0(a2)
80001e74:	1ff00693          	li	a3,511
80001e78:	f6f6f0e3          	bgeu	a3,a5,80001dd8 <_free_r+0xa0>
80001e7c:	0097d693          	srli	a3,a5,0x9
80001e80:	00400613          	li	a2,4
80001e84:	0ed66663          	bltu	a2,a3,80001f70 <_free_r+0x238>
80001e88:	0067d693          	srli	a3,a5,0x6
80001e8c:	03968593          	addi	a1,a3,57
80001e90:	00359593          	slli	a1,a1,0x3
80001e94:	03868613          	addi	a2,a3,56
80001e98:	00b805b3          	add	a1,a6,a1
80001e9c:	0005a683          	lw	a3,0(a1)
80001ea0:	ff858593          	addi	a1,a1,-8
80001ea4:	00d59863          	bne	a1,a3,80001eb4 <_free_r+0x17c>
80001ea8:	1280006f          	j	80001fd0 <_free_r+0x298>
80001eac:	0086a683          	lw	a3,8(a3)
80001eb0:	00d58863          	beq	a1,a3,80001ec0 <_free_r+0x188>
80001eb4:	0046a603          	lw	a2,4(a3)
80001eb8:	ffc67613          	andi	a2,a2,-4
80001ebc:	fec7e8e3          	bltu	a5,a2,80001eac <_free_r+0x174>
80001ec0:	00c6a583          	lw	a1,12(a3)
80001ec4:	00b72623          	sw	a1,12(a4)
80001ec8:	00d72423          	sw	a3,8(a4)
80001ecc:	00812403          	lw	s0,8(sp)
80001ed0:	00c12083          	lw	ra,12(sp)
80001ed4:	00e5a423          	sw	a4,8(a1)
80001ed8:	00048513          	mv	a0,s1
80001edc:	00412483          	lw	s1,4(sp)
80001ee0:	00e6a623          	sw	a4,12(a3)
80001ee4:	01010113          	addi	sp,sp,16
80001ee8:	8adff06f          	j	80001794 <__malloc_unlock>
80001eec:	0a051463          	bnez	a0,80001f94 <_free_r+0x25c>
80001ef0:	00c62583          	lw	a1,12(a2)
80001ef4:	00862603          	lw	a2,8(a2)
80001ef8:	00f686b3          	add	a3,a3,a5
80001efc:	0016e793          	ori	a5,a3,1
80001f00:	00b62623          	sw	a1,12(a2)
80001f04:	00c5a423          	sw	a2,8(a1)
80001f08:	00f72223          	sw	a5,4(a4)
80001f0c:	00d70733          	add	a4,a4,a3
80001f10:	00d72023          	sw	a3,0(a4)
80001f14:	f01ff06f          	j	80001e14 <_free_r+0xdc>
80001f18:	00d786b3          	add	a3,a5,a3
80001f1c:	02089063          	bnez	a7,80001f3c <_free_r+0x204>
80001f20:	ff842583          	lw	a1,-8(s0)
80001f24:	40b70733          	sub	a4,a4,a1
80001f28:	00c72783          	lw	a5,12(a4)
80001f2c:	00872603          	lw	a2,8(a4)
80001f30:	00b686b3          	add	a3,a3,a1
80001f34:	00f62623          	sw	a5,12(a2)
80001f38:	00c7a423          	sw	a2,8(a5)
80001f3c:	0016e613          	ori	a2,a3,1
80001f40:	00001797          	auipc	a5,0x1
80001f44:	5d07a783          	lw	a5,1488(a5) # 80003510 <__malloc_trim_threshold>
80001f48:	00c72223          	sw	a2,4(a4)
80001f4c:	00e82423          	sw	a4,8(a6)
80001f50:	ecf6e2e3          	bltu	a3,a5,80001e14 <_free_r+0xdc>
80001f54:	00001597          	auipc	a1,0x1
80001f58:	5d85a583          	lw	a1,1496(a1) # 8000352c <__malloc_top_pad>
80001f5c:	00048513          	mv	a0,s1
80001f60:	c95ff0ef          	jal	80001bf4 <_malloc_trim_r>
80001f64:	eb1ff06f          	j	80001e14 <_free_r+0xdc>
80001f68:	00d787b3          	add	a5,a5,a3
80001f6c:	ed1ff06f          	j	80001e3c <_free_r+0x104>
80001f70:	01400613          	li	a2,20
80001f74:	02d67863          	bgeu	a2,a3,80001fa4 <_free_r+0x26c>
80001f78:	05400613          	li	a2,84
80001f7c:	06d66863          	bltu	a2,a3,80001fec <_free_r+0x2b4>
80001f80:	00c7d693          	srli	a3,a5,0xc
80001f84:	06f68593          	addi	a1,a3,111
80001f88:	00359593          	slli	a1,a1,0x3
80001f8c:	06e68613          	addi	a2,a3,110
80001f90:	f09ff06f          	j	80001e98 <_free_r+0x160>
80001f94:	0017e693          	ori	a3,a5,1
80001f98:	00d72223          	sw	a3,4(a4)
80001f9c:	00f62023          	sw	a5,0(a2)
80001fa0:	e75ff06f          	j	80001e14 <_free_r+0xdc>
80001fa4:	05c68593          	addi	a1,a3,92
80001fa8:	00359593          	slli	a1,a1,0x3
80001fac:	05b68613          	addi	a2,a3,91
80001fb0:	ee9ff06f          	j	80001e98 <_free_r+0x160>
80001fb4:	00e82a23          	sw	a4,20(a6)
80001fb8:	00e82823          	sw	a4,16(a6)
80001fbc:	01172623          	sw	a7,12(a4)
80001fc0:	01172423          	sw	a7,8(a4)
80001fc4:	00a72223          	sw	a0,4(a4)
80001fc8:	00f5a023          	sw	a5,0(a1)
80001fcc:	e49ff06f          	j	80001e14 <_free_r+0xdc>
80001fd0:	00482503          	lw	a0,4(a6)
80001fd4:	40265613          	srai	a2,a2,0x2
80001fd8:	00100793          	li	a5,1
80001fdc:	00c797b3          	sll	a5,a5,a2
80001fe0:	00a7e7b3          	or	a5,a5,a0
80001fe4:	00f82223          	sw	a5,4(a6)
80001fe8:	eddff06f          	j	80001ec4 <_free_r+0x18c>
80001fec:	15400613          	li	a2,340
80001ff0:	00d66c63          	bltu	a2,a3,80002008 <_free_r+0x2d0>
80001ff4:	00f7d693          	srli	a3,a5,0xf
80001ff8:	07868593          	addi	a1,a3,120
80001ffc:	00359593          	slli	a1,a1,0x3
80002000:	07768613          	addi	a2,a3,119
80002004:	e95ff06f          	j	80001e98 <_free_r+0x160>
80002008:	55400613          	li	a2,1364
8000200c:	00d66c63          	bltu	a2,a3,80002024 <_free_r+0x2ec>
80002010:	0127d693          	srli	a3,a5,0x12
80002014:	07d68593          	addi	a1,a3,125
80002018:	00359593          	slli	a1,a1,0x3
8000201c:	07c68613          	addi	a2,a3,124
80002020:	e79ff06f          	j	80001e98 <_free_r+0x160>
80002024:	3f800593          	li	a1,1016
80002028:	07e00613          	li	a2,126
8000202c:	e6dff06f          	j	80001e98 <_free_r+0x160>

80002030 <__udivdi3>:
__udivdi3():
80002030:	fd010113          	addi	sp,sp,-48
80002034:	01312e23          	sw	s3,28(sp)
80002038:	02112623          	sw	ra,44(sp)
8000203c:	01612823          	sw	s6,16(sp)
80002040:	00050993          	mv	s3,a0
80002044:	00058793          	mv	a5,a1
80002048:	16069663          	bnez	a3,800021b4 <__udivdi3+0x184>
8000204c:	02812423          	sw	s0,40(sp)
80002050:	01512a23          	sw	s5,20(sp)
80002054:	02912223          	sw	s1,36(sp)
80002058:	03212023          	sw	s2,32(sp)
8000205c:	01412c23          	sw	s4,24(sp)
80002060:	00060a93          	mv	s5,a2
80002064:	00050413          	mv	s0,a0
80002068:	1cc5f463          	bgeu	a1,a2,80002230 <__udivdi3+0x200>
8000206c:	00010737          	lui	a4,0x10
80002070:	00058493          	mv	s1,a1
80002074:	2ce66263          	bltu	a2,a4,80002338 <__udivdi3+0x308>
80002078:	01000737          	lui	a4,0x1000
8000207c:	01800693          	li	a3,24
80002080:	00e67463          	bgeu	a2,a4,80002088 <__udivdi3+0x58>
80002084:	01000693          	li	a3,16
80002088:	00d655b3          	srl	a1,a2,a3
8000208c:	00001717          	auipc	a4,0x1
80002090:	e5070713          	addi	a4,a4,-432 # 80002edc <__clz_tab>
80002094:	00b70733          	add	a4,a4,a1
80002098:	00074703          	lbu	a4,0(a4)
8000209c:	02000593          	li	a1,32
800020a0:	00d70733          	add	a4,a4,a3
800020a4:	40e586b3          	sub	a3,a1,a4
800020a8:	00e58c63          	beq	a1,a4,800020c0 <__udivdi3+0x90>
800020ac:	00d794b3          	sll	s1,a5,a3
800020b0:	00e9d733          	srl	a4,s3,a4
800020b4:	009764b3          	or	s1,a4,s1
800020b8:	00d61ab3          	sll	s5,a2,a3
800020bc:	00d99433          	sll	s0,s3,a3
800020c0:	010ada13          	srli	s4,s5,0x10
800020c4:	000a0593          	mv	a1,s4
800020c8:	00048513          	mv	a0,s1
800020cc:	495000ef          	jal	80002d60 <__hidden___udivsi3>
800020d0:	010a9b13          	slli	s6,s5,0x10
800020d4:	00050913          	mv	s2,a0
800020d8:	010b5b13          	srli	s6,s6,0x10
800020dc:	00090593          	mv	a1,s2
800020e0:	000b0513          	mv	a0,s6
800020e4:	451000ef          	jal	80002d34 <__mulsi3>
800020e8:	00050793          	mv	a5,a0
800020ec:	000a0593          	mv	a1,s4
800020f0:	00048513          	mv	a0,s1
800020f4:	00078493          	mv	s1,a5
800020f8:	4b1000ef          	jal	80002da8 <__umodsi3>
800020fc:	01051513          	slli	a0,a0,0x10
80002100:	01045793          	srli	a5,s0,0x10
80002104:	00a7e7b3          	or	a5,a5,a0
80002108:	0097fc63          	bgeu	a5,s1,80002120 <__udivdi3+0xf0>
8000210c:	00fa87b3          	add	a5,s5,a5
80002110:	fff90713          	addi	a4,s2,-1
80002114:	0157e463          	bltu	a5,s5,8000211c <__udivdi3+0xec>
80002118:	5a97ea63          	bltu	a5,s1,800026cc <__udivdi3+0x69c>
8000211c:	00070913          	mv	s2,a4
80002120:	409784b3          	sub	s1,a5,s1
80002124:	00048513          	mv	a0,s1
80002128:	000a0593          	mv	a1,s4
8000212c:	435000ef          	jal	80002d60 <__hidden___udivsi3>
80002130:	00050993          	mv	s3,a0
80002134:	00098593          	mv	a1,s3
80002138:	000b0513          	mv	a0,s6
8000213c:	3f9000ef          	jal	80002d34 <__mulsi3>
80002140:	00050793          	mv	a5,a0
80002144:	000a0593          	mv	a1,s4
80002148:	00048513          	mv	a0,s1
8000214c:	01041413          	slli	s0,s0,0x10
80002150:	00078493          	mv	s1,a5
80002154:	455000ef          	jal	80002da8 <__umodsi3>
80002158:	01045413          	srli	s0,s0,0x10
8000215c:	01051513          	slli	a0,a0,0x10
80002160:	00a46433          	or	s0,s0,a0
80002164:	00947c63          	bgeu	s0,s1,8000217c <__udivdi3+0x14c>
80002168:	008a8433          	add	s0,s5,s0
8000216c:	fff98793          	addi	a5,s3,-1
80002170:	4f546263          	bltu	s0,s5,80002654 <__udivdi3+0x624>
80002174:	ffe98993          	addi	s3,s3,-2
80002178:	4c947e63          	bgeu	s0,s1,80002654 <__udivdi3+0x624>
8000217c:	01091613          	slli	a2,s2,0x10
80002180:	01366533          	or	a0,a2,s3
80002184:	00000b13          	li	s6,0
80002188:	02812403          	lw	s0,40(sp)
8000218c:	02c12083          	lw	ra,44(sp)
80002190:	02412483          	lw	s1,36(sp)
80002194:	02012903          	lw	s2,32(sp)
80002198:	01812a03          	lw	s4,24(sp)
8000219c:	01412a83          	lw	s5,20(sp)
800021a0:	01c12983          	lw	s3,28(sp)
800021a4:	000b0593          	mv	a1,s6
800021a8:	01012b03          	lw	s6,16(sp)
800021ac:	03010113          	addi	sp,sp,48
800021b0:	00008067          	ret
800021b4:	02d5f263          	bgeu	a1,a3,800021d8 <__udivdi3+0x1a8>
800021b8:	00000b13          	li	s6,0
800021bc:	00000513          	li	a0,0
800021c0:	02c12083          	lw	ra,44(sp)
800021c4:	01c12983          	lw	s3,28(sp)
800021c8:	000b0593          	mv	a1,s6
800021cc:	01012b03          	lw	s6,16(sp)
800021d0:	03010113          	addi	sp,sp,48
800021d4:	00008067          	ret
800021d8:	01712623          	sw	s7,12(sp)
800021dc:	00010737          	lui	a4,0x10
800021e0:	28e6e063          	bltu	a3,a4,80002460 <__udivdi3+0x430>
800021e4:	01000737          	lui	a4,0x1000
800021e8:	01800593          	li	a1,24
800021ec:	00e6f463          	bgeu	a3,a4,800021f4 <__udivdi3+0x1c4>
800021f0:	01000593          	li	a1,16
800021f4:	00b6d533          	srl	a0,a3,a1
800021f8:	00001717          	auipc	a4,0x1
800021fc:	ce470713          	addi	a4,a4,-796 # 80002edc <__clz_tab>
80002200:	00a70733          	add	a4,a4,a0
80002204:	00074703          	lbu	a4,0(a4)
80002208:	02000513          	li	a0,32
8000220c:	00b70733          	add	a4,a4,a1
80002210:	40e50bb3          	sub	s7,a0,a4
80002214:	26e51e63          	bne	a0,a4,80002490 <__udivdi3+0x460>
80002218:	46f6ec63          	bltu	a3,a5,80002690 <__udivdi3+0x660>
8000221c:	00c9b533          	sltu	a0,s3,a2
80002220:	00c12b83          	lw	s7,12(sp)
80002224:	00153513          	seqz	a0,a0
80002228:	00000b13          	li	s6,0
8000222c:	f95ff06f          	j	800021c0 <__udivdi3+0x190>
80002230:	10060c63          	beqz	a2,80002348 <__udivdi3+0x318>
80002234:	00010737          	lui	a4,0x10
80002238:	44e67263          	bgeu	a2,a4,8000267c <__udivdi3+0x64c>
8000223c:	10063693          	sltiu	a3,a2,256
80002240:	0016b693          	seqz	a3,a3
80002244:	00369693          	slli	a3,a3,0x3
80002248:	00d655b3          	srl	a1,a2,a3
8000224c:	00001717          	auipc	a4,0x1
80002250:	c9070713          	addi	a4,a4,-880 # 80002edc <__clz_tab>
80002254:	00b70733          	add	a4,a4,a1
80002258:	00074483          	lbu	s1,0(a4)
8000225c:	02000713          	li	a4,32
80002260:	00d484b3          	add	s1,s1,a3
80002264:	409706b3          	sub	a3,a4,s1
80002268:	10971463          	bne	a4,s1,80002370 <__udivdi3+0x340>
8000226c:	01061a13          	slli	s4,a2,0x10
80002270:	40c784b3          	sub	s1,a5,a2
80002274:	01065913          	srli	s2,a2,0x10
80002278:	010a5a13          	srli	s4,s4,0x10
8000227c:	00100b13          	li	s6,1
80002280:	00090593          	mv	a1,s2
80002284:	00048513          	mv	a0,s1
80002288:	2d9000ef          	jal	80002d60 <__hidden___udivsi3>
8000228c:	000a0593          	mv	a1,s4
80002290:	00050993          	mv	s3,a0
80002294:	2a1000ef          	jal	80002d34 <__mulsi3>
80002298:	00050793          	mv	a5,a0
8000229c:	00090593          	mv	a1,s2
800022a0:	00048513          	mv	a0,s1
800022a4:	00078493          	mv	s1,a5
800022a8:	301000ef          	jal	80002da8 <__umodsi3>
800022ac:	01051513          	slli	a0,a0,0x10
800022b0:	01045793          	srli	a5,s0,0x10
800022b4:	00a7e7b3          	or	a5,a5,a0
800022b8:	0097fc63          	bgeu	a5,s1,800022d0 <__udivdi3+0x2a0>
800022bc:	00fa87b3          	add	a5,s5,a5
800022c0:	fff98713          	addi	a4,s3,-1
800022c4:	0157e463          	bltu	a5,s5,800022cc <__udivdi3+0x29c>
800022c8:	3e97ec63          	bltu	a5,s1,800026c0 <__udivdi3+0x690>
800022cc:	00070993          	mv	s3,a4
800022d0:	409784b3          	sub	s1,a5,s1
800022d4:	00048513          	mv	a0,s1
800022d8:	00090593          	mv	a1,s2
800022dc:	285000ef          	jal	80002d60 <__hidden___udivsi3>
800022e0:	000a0593          	mv	a1,s4
800022e4:	00050a13          	mv	s4,a0
800022e8:	24d000ef          	jal	80002d34 <__mulsi3>
800022ec:	00050793          	mv	a5,a0
800022f0:	00090593          	mv	a1,s2
800022f4:	00048513          	mv	a0,s1
800022f8:	01041413          	slli	s0,s0,0x10
800022fc:	00078493          	mv	s1,a5
80002300:	2a9000ef          	jal	80002da8 <__umodsi3>
80002304:	01045413          	srli	s0,s0,0x10
80002308:	01051513          	slli	a0,a0,0x10
8000230c:	00a46433          	or	s0,s0,a0
80002310:	00947e63          	bgeu	s0,s1,8000232c <__udivdi3+0x2fc>
80002314:	008a8433          	add	s0,s5,s0
80002318:	fffa0793          	addi	a5,s4,-1
8000231c:	01546663          	bltu	s0,s5,80002328 <__udivdi3+0x2f8>
80002320:	ffea0a13          	addi	s4,s4,-2
80002324:	00946463          	bltu	s0,s1,8000232c <__udivdi3+0x2fc>
80002328:	00078a13          	mv	s4,a5
8000232c:	01099613          	slli	a2,s3,0x10
80002330:	01466533          	or	a0,a2,s4
80002334:	e55ff06f          	j	80002188 <__udivdi3+0x158>
80002338:	10063693          	sltiu	a3,a2,256
8000233c:	0016b693          	seqz	a3,a3
80002340:	00369693          	slli	a3,a3,0x3
80002344:	d45ff06f          	j	80002088 <__udivdi3+0x58>
80002348:	00000593          	li	a1,0
8000234c:	00001717          	auipc	a4,0x1
80002350:	b9070713          	addi	a4,a4,-1136 # 80002edc <__clz_tab>
80002354:	00b70733          	add	a4,a4,a1
80002358:	00074483          	lbu	s1,0(a4)
8000235c:	00000693          	li	a3,0
80002360:	02000713          	li	a4,32
80002364:	00d484b3          	add	s1,s1,a3
80002368:	409706b3          	sub	a3,a4,s1
8000236c:	f09700e3          	beq	a4,s1,8000226c <__udivdi3+0x23c>
80002370:	00d61ab3          	sll	s5,a2,a3
80002374:	01712623          	sw	s7,12(sp)
80002378:	010ad913          	srli	s2,s5,0x10
8000237c:	0097dbb3          	srl	s7,a5,s1
80002380:	00090593          	mv	a1,s2
80002384:	00d797b3          	sll	a5,a5,a3
80002388:	0099d4b3          	srl	s1,s3,s1
8000238c:	000b8513          	mv	a0,s7
80002390:	00f4e4b3          	or	s1,s1,a5
80002394:	00d99433          	sll	s0,s3,a3
80002398:	010a9a13          	slli	s4,s5,0x10
8000239c:	1c5000ef          	jal	80002d60 <__hidden___udivsi3>
800023a0:	00050b13          	mv	s6,a0
800023a4:	010a5a13          	srli	s4,s4,0x10
800023a8:	000b0593          	mv	a1,s6
800023ac:	000a0513          	mv	a0,s4
800023b0:	185000ef          	jal	80002d34 <__mulsi3>
800023b4:	00050993          	mv	s3,a0
800023b8:	00090593          	mv	a1,s2
800023bc:	000b8513          	mv	a0,s7
800023c0:	1e9000ef          	jal	80002da8 <__umodsi3>
800023c4:	01051513          	slli	a0,a0,0x10
800023c8:	0104d793          	srli	a5,s1,0x10
800023cc:	00a7e7b3          	or	a5,a5,a0
800023d0:	0137fe63          	bgeu	a5,s3,800023ec <__udivdi3+0x3bc>
800023d4:	00fa87b3          	add	a5,s5,a5
800023d8:	fffb0713          	addi	a4,s6,-1
800023dc:	2d57ea63          	bltu	a5,s5,800026b0 <__udivdi3+0x680>
800023e0:	2d37f863          	bgeu	a5,s3,800026b0 <__udivdi3+0x680>
800023e4:	ffeb0b13          	addi	s6,s6,-2
800023e8:	015787b3          	add	a5,a5,s5
800023ec:	413789b3          	sub	s3,a5,s3
800023f0:	00098513          	mv	a0,s3
800023f4:	00090593          	mv	a1,s2
800023f8:	169000ef          	jal	80002d60 <__hidden___udivsi3>
800023fc:	00050b93          	mv	s7,a0
80002400:	000b8593          	mv	a1,s7
80002404:	000a0513          	mv	a0,s4
80002408:	12d000ef          	jal	80002d34 <__mulsi3>
8000240c:	00050793          	mv	a5,a0
80002410:	00090593          	mv	a1,s2
80002414:	00098513          	mv	a0,s3
80002418:	01049493          	slli	s1,s1,0x10
8000241c:	00078993          	mv	s3,a5
80002420:	189000ef          	jal	80002da8 <__umodsi3>
80002424:	0104d493          	srli	s1,s1,0x10
80002428:	01051513          	slli	a0,a0,0x10
8000242c:	00a4e4b3          	or	s1,s1,a0
80002430:	0134fe63          	bgeu	s1,s3,8000244c <__udivdi3+0x41c>
80002434:	009a84b3          	add	s1,s5,s1
80002438:	fffb8793          	addi	a5,s7,-1
8000243c:	2754e263          	bltu	s1,s5,800026a0 <__udivdi3+0x670>
80002440:	2734f063          	bgeu	s1,s3,800026a0 <__udivdi3+0x670>
80002444:	ffeb8b93          	addi	s7,s7,-2
80002448:	015484b3          	add	s1,s1,s5
8000244c:	010b1b13          	slli	s6,s6,0x10
80002450:	017b6b33          	or	s6,s6,s7
80002454:	413484b3          	sub	s1,s1,s3
80002458:	00c12b83          	lw	s7,12(sp)
8000245c:	e25ff06f          	j	80002280 <__udivdi3+0x250>
80002460:	1006b593          	sltiu	a1,a3,256
80002464:	0015b593          	seqz	a1,a1
80002468:	00359593          	slli	a1,a1,0x3
8000246c:	00b6d533          	srl	a0,a3,a1
80002470:	00001717          	auipc	a4,0x1
80002474:	a6c70713          	addi	a4,a4,-1428 # 80002edc <__clz_tab>
80002478:	00a70733          	add	a4,a4,a0
8000247c:	00074703          	lbu	a4,0(a4)
80002480:	02000513          	li	a0,32
80002484:	00b70733          	add	a4,a4,a1
80002488:	40e50bb3          	sub	s7,a0,a4
8000248c:	d8e506e3          	beq	a0,a4,80002218 <__udivdi3+0x1e8>
80002490:	017696b3          	sll	a3,a3,s7
80002494:	01912223          	sw	s9,4(sp)
80002498:	00e65cb3          	srl	s9,a2,a4
8000249c:	00dcecb3          	or	s9,s9,a3
800024a0:	01512a23          	sw	s5,20(sp)
800024a4:	01812423          	sw	s8,8(sp)
800024a8:	010cda93          	srli	s5,s9,0x10
800024ac:	00e7dc33          	srl	s8,a5,a4
800024b0:	000a8593          	mv	a1,s5
800024b4:	017797b3          	sll	a5,a5,s7
800024b8:	00e9d733          	srl	a4,s3,a4
800024bc:	000c0513          	mv	a0,s8
800024c0:	02812423          	sw	s0,40(sp)
800024c4:	02912223          	sw	s1,36(sp)
800024c8:	03212023          	sw	s2,32(sp)
800024cc:	00f764b3          	or	s1,a4,a5
800024d0:	01761933          	sll	s2,a2,s7
800024d4:	01412c23          	sw	s4,24(sp)
800024d8:	010c9b13          	slli	s6,s9,0x10
800024dc:	085000ef          	jal	80002d60 <__hidden___udivsi3>
800024e0:	00050413          	mv	s0,a0
800024e4:	010b5b13          	srli	s6,s6,0x10
800024e8:	00040593          	mv	a1,s0
800024ec:	000b0513          	mv	a0,s6
800024f0:	045000ef          	jal	80002d34 <__mulsi3>
800024f4:	00050a13          	mv	s4,a0
800024f8:	000a8593          	mv	a1,s5
800024fc:	000c0513          	mv	a0,s8
80002500:	0a9000ef          	jal	80002da8 <__umodsi3>
80002504:	01051513          	slli	a0,a0,0x10
80002508:	0104d793          	srli	a5,s1,0x10
8000250c:	00a7e7b3          	or	a5,a5,a0
80002510:	0147fe63          	bgeu	a5,s4,8000252c <__udivdi3+0x4fc>
80002514:	00fc87b3          	add	a5,s9,a5
80002518:	fff40713          	addi	a4,s0,-1
8000251c:	1997ee63          	bltu	a5,s9,800026b8 <__udivdi3+0x688>
80002520:	1947fc63          	bgeu	a5,s4,800026b8 <__udivdi3+0x688>
80002524:	ffe40413          	addi	s0,s0,-2
80002528:	019787b3          	add	a5,a5,s9
8000252c:	41478a33          	sub	s4,a5,s4
80002530:	000a0513          	mv	a0,s4
80002534:	000a8593          	mv	a1,s5
80002538:	029000ef          	jal	80002d60 <__hidden___udivsi3>
8000253c:	00050c13          	mv	s8,a0
80002540:	000c0593          	mv	a1,s8
80002544:	000b0513          	mv	a0,s6
80002548:	7ec000ef          	jal	80002d34 <__mulsi3>
8000254c:	00050793          	mv	a5,a0
80002550:	000a8593          	mv	a1,s5
80002554:	000a0513          	mv	a0,s4
80002558:	00078a13          	mv	s4,a5
8000255c:	04d000ef          	jal	80002da8 <__umodsi3>
80002560:	01049713          	slli	a4,s1,0x10
80002564:	01075713          	srli	a4,a4,0x10
80002568:	01051513          	slli	a0,a0,0x10
8000256c:	00a76733          	or	a4,a4,a0
80002570:	01477e63          	bgeu	a4,s4,8000258c <__udivdi3+0x55c>
80002574:	00ec8733          	add	a4,s9,a4
80002578:	fffc0793          	addi	a5,s8,-1
8000257c:	13976663          	bltu	a4,s9,800026a8 <__udivdi3+0x678>
80002580:	13477463          	bgeu	a4,s4,800026a8 <__udivdi3+0x678>
80002584:	ffec0c13          	addi	s8,s8,-2
80002588:	01970733          	add	a4,a4,s9
8000258c:	010c1793          	slli	a5,s8,0x10
80002590:	01091813          	slli	a6,s2,0x10
80002594:	01041413          	slli	s0,s0,0x10
80002598:	0107d793          	srli	a5,a5,0x10
8000259c:	01085813          	srli	a6,a6,0x10
800025a0:	01846433          	or	s0,s0,s8
800025a4:	41470733          	sub	a4,a4,s4
800025a8:	01045313          	srli	t1,s0,0x10
800025ac:	00078513          	mv	a0,a5
800025b0:	01095913          	srli	s2,s2,0x10
800025b4:	00080593          	mv	a1,a6
800025b8:	77c000ef          	jal	80002d34 <__mulsi3>
800025bc:	00050893          	mv	a7,a0
800025c0:	00090593          	mv	a1,s2
800025c4:	00078513          	mv	a0,a5
800025c8:	76c000ef          	jal	80002d34 <__mulsi3>
800025cc:	00050793          	mv	a5,a0
800025d0:	00080593          	mv	a1,a6
800025d4:	00030513          	mv	a0,t1
800025d8:	75c000ef          	jal	80002d34 <__mulsi3>
800025dc:	00050813          	mv	a6,a0
800025e0:	00090593          	mv	a1,s2
800025e4:	00030513          	mv	a0,t1
800025e8:	74c000ef          	jal	80002d34 <__mulsi3>
800025ec:	010787b3          	add	a5,a5,a6
800025f0:	0108d693          	srli	a3,a7,0x10
800025f4:	00f687b3          	add	a5,a3,a5
800025f8:	0107f663          	bgeu	a5,a6,80002604 <__udivdi3+0x5d4>
800025fc:	000106b7          	lui	a3,0x10
80002600:	00d50533          	add	a0,a0,a3
80002604:	0107d693          	srli	a3,a5,0x10
80002608:	00a686b3          	add	a3,a3,a0
8000260c:	06d76463          	bltu	a4,a3,80002674 <__udivdi3+0x644>
80002610:	04d70663          	beq	a4,a3,8000265c <__udivdi3+0x62c>
80002614:	00040513          	mv	a0,s0
80002618:	02812403          	lw	s0,40(sp)
8000261c:	02c12083          	lw	ra,44(sp)
80002620:	00000b13          	li	s6,0
80002624:	02412483          	lw	s1,36(sp)
80002628:	02012903          	lw	s2,32(sp)
8000262c:	01812a03          	lw	s4,24(sp)
80002630:	01412a83          	lw	s5,20(sp)
80002634:	00c12b83          	lw	s7,12(sp)
80002638:	00812c03          	lw	s8,8(sp)
8000263c:	00412c83          	lw	s9,4(sp)
80002640:	01c12983          	lw	s3,28(sp)
80002644:	000b0593          	mv	a1,s6
80002648:	01012b03          	lw	s6,16(sp)
8000264c:	03010113          	addi	sp,sp,48
80002650:	00008067          	ret
80002654:	00078993          	mv	s3,a5
80002658:	b25ff06f          	j	8000217c <__udivdi3+0x14c>
8000265c:	01089893          	slli	a7,a7,0x10
80002660:	0108d893          	srli	a7,a7,0x10
80002664:	01079793          	slli	a5,a5,0x10
80002668:	01799533          	sll	a0,s3,s7
8000266c:	011787b3          	add	a5,a5,a7
80002670:	faf572e3          	bgeu	a0,a5,80002614 <__udivdi3+0x5e4>
80002674:	fff40513          	addi	a0,s0,-1
80002678:	fa1ff06f          	j	80002618 <__udivdi3+0x5e8>
8000267c:	01000737          	lui	a4,0x1000
80002680:	04e67c63          	bgeu	a2,a4,800026d8 <__udivdi3+0x6a8>
80002684:	01065593          	srli	a1,a2,0x10
80002688:	01000693          	li	a3,16
8000268c:	bc1ff06f          	j	8000224c <__udivdi3+0x21c>
80002690:	00c12b83          	lw	s7,12(sp)
80002694:	00000b13          	li	s6,0
80002698:	00100513          	li	a0,1
8000269c:	b25ff06f          	j	800021c0 <__udivdi3+0x190>
800026a0:	00078b93          	mv	s7,a5
800026a4:	da9ff06f          	j	8000244c <__udivdi3+0x41c>
800026a8:	00078c13          	mv	s8,a5
800026ac:	ee1ff06f          	j	8000258c <__udivdi3+0x55c>
800026b0:	00070b13          	mv	s6,a4
800026b4:	d39ff06f          	j	800023ec <__udivdi3+0x3bc>
800026b8:	00070413          	mv	s0,a4
800026bc:	e71ff06f          	j	8000252c <__udivdi3+0x4fc>
800026c0:	ffe98993          	addi	s3,s3,-2
800026c4:	015787b3          	add	a5,a5,s5
800026c8:	c09ff06f          	j	800022d0 <__udivdi3+0x2a0>
800026cc:	ffe90913          	addi	s2,s2,-2
800026d0:	015787b3          	add	a5,a5,s5
800026d4:	a4dff06f          	j	80002120 <__udivdi3+0xf0>
800026d8:	01865593          	srli	a1,a2,0x18
800026dc:	01800693          	li	a3,24
800026e0:	b6dff06f          	j	8000224c <__udivdi3+0x21c>

800026e4 <__umoddi3>:
__umoddi3():
800026e4:	fd010113          	addi	sp,sp,-48
800026e8:	02112623          	sw	ra,44(sp)
800026ec:	00050793          	mv	a5,a0
800026f0:	00058713          	mv	a4,a1
800026f4:	14069663          	bnez	a3,80002840 <__umoddi3+0x15c>
800026f8:	03212023          	sw	s2,32(sp)
800026fc:	01412c23          	sw	s4,24(sp)
80002700:	02812423          	sw	s0,40(sp)
80002704:	02912223          	sw	s1,36(sp)
80002708:	01312e23          	sw	s3,28(sp)
8000270c:	01512a23          	sw	s5,20(sp)
80002710:	00060a13          	mv	s4,a2
80002714:	00050913          	mv	s2,a0
80002718:	1ac5f263          	bgeu	a1,a2,800028bc <__umoddi3+0x1d8>
8000271c:	01612823          	sw	s6,16(sp)
80002720:	000106b7          	lui	a3,0x10
80002724:	00058993          	mv	s3,a1
80002728:	26d66c63          	bltu	a2,a3,800029a0 <__umoddi3+0x2bc>
8000272c:	010006b7          	lui	a3,0x1000
80002730:	01800593          	li	a1,24
80002734:	00d67463          	bgeu	a2,a3,8000273c <__umoddi3+0x58>
80002738:	01000593          	li	a1,16
8000273c:	00b65533          	srl	a0,a2,a1
80002740:	00000697          	auipc	a3,0x0
80002744:	79c68693          	addi	a3,a3,1948 # 80002edc <__clz_tab>
80002748:	00a686b3          	add	a3,a3,a0
8000274c:	0006c683          	lbu	a3,0(a3)
80002750:	02000513          	li	a0,32
80002754:	00b686b3          	add	a3,a3,a1
80002758:	40d504b3          	sub	s1,a0,a3
8000275c:	00d50c63          	beq	a0,a3,80002774 <__umoddi3+0x90>
80002760:	009719b3          	sll	s3,a4,s1
80002764:	00d7d6b3          	srl	a3,a5,a3
80002768:	0136e9b3          	or	s3,a3,s3
8000276c:	00961a33          	sll	s4,a2,s1
80002770:	00979933          	sll	s2,a5,s1
80002774:	010a5a93          	srli	s5,s4,0x10
80002778:	000a8593          	mv	a1,s5
8000277c:	00098513          	mv	a0,s3
80002780:	010a1b13          	slli	s6,s4,0x10
80002784:	5dc000ef          	jal	80002d60 <__hidden___udivsi3>
80002788:	010b5b13          	srli	s6,s6,0x10
8000278c:	000b0593          	mv	a1,s6
80002790:	5a4000ef          	jal	80002d34 <__mulsi3>
80002794:	00050413          	mv	s0,a0
80002798:	000a8593          	mv	a1,s5
8000279c:	00098513          	mv	a0,s3
800027a0:	608000ef          	jal	80002da8 <__umodsi3>
800027a4:	01051513          	slli	a0,a0,0x10
800027a8:	01095793          	srli	a5,s2,0x10
800027ac:	00a7e7b3          	or	a5,a5,a0
800027b0:	0087f863          	bgeu	a5,s0,800027c0 <__umoddi3+0xdc>
800027b4:	00fa07b3          	add	a5,s4,a5
800027b8:	0147e463          	bltu	a5,s4,800027c0 <__umoddi3+0xdc>
800027bc:	5687e263          	bltu	a5,s0,80002d20 <__umoddi3+0x63c>
800027c0:	40878433          	sub	s0,a5,s0
800027c4:	00040513          	mv	a0,s0
800027c8:	000a8593          	mv	a1,s5
800027cc:	594000ef          	jal	80002d60 <__hidden___udivsi3>
800027d0:	000b0593          	mv	a1,s6
800027d4:	560000ef          	jal	80002d34 <__mulsi3>
800027d8:	00050793          	mv	a5,a0
800027dc:	000a8593          	mv	a1,s5
800027e0:	00040513          	mv	a0,s0
800027e4:	00078413          	mv	s0,a5
800027e8:	5c0000ef          	jal	80002da8 <__umodsi3>
800027ec:	01091793          	slli	a5,s2,0x10
800027f0:	0107d793          	srli	a5,a5,0x10
800027f4:	01051513          	slli	a0,a0,0x10
800027f8:	00a7e7b3          	or	a5,a5,a0
800027fc:	0087f863          	bgeu	a5,s0,8000280c <__umoddi3+0x128>
80002800:	00fa07b3          	add	a5,s4,a5
80002804:	0147e463          	bltu	a5,s4,8000280c <__umoddi3+0x128>
80002808:	5087e463          	bltu	a5,s0,80002d10 <__umoddi3+0x62c>
8000280c:	01012b03          	lw	s6,16(sp)
80002810:	408787b3          	sub	a5,a5,s0
80002814:	0097d533          	srl	a0,a5,s1
80002818:	02812403          	lw	s0,40(sp)
8000281c:	02412483          	lw	s1,36(sp)
80002820:	02012903          	lw	s2,32(sp)
80002824:	01c12983          	lw	s3,28(sp)
80002828:	01812a03          	lw	s4,24(sp)
8000282c:	01412a83          	lw	s5,20(sp)
80002830:	00000593          	li	a1,0
80002834:	02c12083          	lw	ra,44(sp)
80002838:	03010113          	addi	sp,sp,48
8000283c:	00008067          	ret
80002840:	00050893          	mv	a7,a0
80002844:	fed5e8e3          	bltu	a1,a3,80002834 <__umoddi3+0x150>
80002848:	03212023          	sw	s2,32(sp)
8000284c:	01312e23          	sw	s3,28(sp)
80002850:	00010537          	lui	a0,0x10
80002854:	24a6ea63          	bltu	a3,a0,80002aa8 <__umoddi3+0x3c4>
80002858:	01000837          	lui	a6,0x1000
8000285c:	01800513          	li	a0,24
80002860:	0106f463          	bgeu	a3,a6,80002868 <__umoddi3+0x184>
80002864:	01000513          	li	a0,16
80002868:	00000817          	auipc	a6,0x0
8000286c:	67480813          	addi	a6,a6,1652 # 80002edc <__clz_tab>
80002870:	00a6d333          	srl	t1,a3,a0
80002874:	00680833          	add	a6,a6,t1
80002878:	00084983          	lbu	s3,0(a6)
8000287c:	02000813          	li	a6,32
80002880:	00a989b3          	add	s3,s3,a0
80002884:	41380933          	sub	s2,a6,s3
80002888:	25381863          	bne	a6,s3,80002ad8 <__umoddi3+0x3f4>
8000288c:	00e6e463          	bltu	a3,a4,80002894 <__umoddi3+0x1b0>
80002890:	00c7ea63          	bltu	a5,a2,800028a4 <__umoddi3+0x1c0>
80002894:	40c788b3          	sub	a7,a5,a2
80002898:	0117b5b3          	sltu	a1,a5,a7
8000289c:	40d706b3          	sub	a3,a4,a3
800028a0:	40b685b3          	sub	a1,a3,a1
800028a4:	02c12083          	lw	ra,44(sp)
800028a8:	02012903          	lw	s2,32(sp)
800028ac:	01c12983          	lw	s3,28(sp)
800028b0:	00088513          	mv	a0,a7
800028b4:	03010113          	addi	sp,sp,48
800028b8:	00008067          	ret
800028bc:	0e060a63          	beqz	a2,800029b0 <__umoddi3+0x2cc>
800028c0:	000106b7          	lui	a3,0x10
800028c4:	42d67463          	bgeu	a2,a3,80002cec <__umoddi3+0x608>
800028c8:	10063593          	sltiu	a1,a2,256
800028cc:	0015b593          	seqz	a1,a1
800028d0:	00359593          	slli	a1,a1,0x3
800028d4:	00b65533          	srl	a0,a2,a1
800028d8:	00000697          	auipc	a3,0x0
800028dc:	60468693          	addi	a3,a3,1540 # 80002edc <__clz_tab>
800028e0:	00a686b3          	add	a3,a3,a0
800028e4:	0006c983          	lbu	s3,0(a3)
800028e8:	02000693          	li	a3,32
800028ec:	00b989b3          	add	s3,s3,a1
800028f0:	413684b3          	sub	s1,a3,s3
800028f4:	0f369263          	bne	a3,s3,800029d8 <__umoddi3+0x2f4>
800028f8:	01061413          	slli	s0,a2,0x10
800028fc:	40c709b3          	sub	s3,a4,a2
80002900:	01065a93          	srli	s5,a2,0x10
80002904:	01045413          	srli	s0,s0,0x10
80002908:	000a8593          	mv	a1,s5
8000290c:	00098513          	mv	a0,s3
80002910:	450000ef          	jal	80002d60 <__hidden___udivsi3>
80002914:	00040593          	mv	a1,s0
80002918:	41c000ef          	jal	80002d34 <__mulsi3>
8000291c:	00050793          	mv	a5,a0
80002920:	000a8593          	mv	a1,s5
80002924:	00098513          	mv	a0,s3
80002928:	00078993          	mv	s3,a5
8000292c:	47c000ef          	jal	80002da8 <__umodsi3>
80002930:	01051513          	slli	a0,a0,0x10
80002934:	01095793          	srli	a5,s2,0x10
80002938:	00a7e7b3          	or	a5,a5,a0
8000293c:	0137f863          	bgeu	a5,s3,8000294c <__umoddi3+0x268>
80002940:	00fa07b3          	add	a5,s4,a5
80002944:	0147e463          	bltu	a5,s4,8000294c <__umoddi3+0x268>
80002948:	3d37e863          	bltu	a5,s3,80002d18 <__umoddi3+0x634>
8000294c:	413789b3          	sub	s3,a5,s3
80002950:	000a8593          	mv	a1,s5
80002954:	00098513          	mv	a0,s3
80002958:	408000ef          	jal	80002d60 <__hidden___udivsi3>
8000295c:	00040593          	mv	a1,s0
80002960:	3d4000ef          	jal	80002d34 <__mulsi3>
80002964:	00050413          	mv	s0,a0
80002968:	000a8593          	mv	a1,s5
8000296c:	00098513          	mv	a0,s3
80002970:	438000ef          	jal	80002da8 <__umodsi3>
80002974:	01091913          	slli	s2,s2,0x10
80002978:	01095913          	srli	s2,s2,0x10
8000297c:	01051793          	slli	a5,a0,0x10
80002980:	00f967b3          	or	a5,s2,a5
80002984:	0087fa63          	bgeu	a5,s0,80002998 <__umoddi3+0x2b4>
80002988:	00fa07b3          	add	a5,s4,a5
8000298c:	0147e663          	bltu	a5,s4,80002998 <__umoddi3+0x2b4>
80002990:	0087f463          	bgeu	a5,s0,80002998 <__umoddi3+0x2b4>
80002994:	014787b3          	add	a5,a5,s4
80002998:	408787b3          	sub	a5,a5,s0
8000299c:	e79ff06f          	j	80002814 <__umoddi3+0x130>
800029a0:	10063593          	sltiu	a1,a2,256
800029a4:	0015b593          	seqz	a1,a1
800029a8:	00359593          	slli	a1,a1,0x3
800029ac:	d91ff06f          	j	8000273c <__umoddi3+0x58>
800029b0:	00000513          	li	a0,0
800029b4:	00000697          	auipc	a3,0x0
800029b8:	52868693          	addi	a3,a3,1320 # 80002edc <__clz_tab>
800029bc:	00a686b3          	add	a3,a3,a0
800029c0:	0006c983          	lbu	s3,0(a3)
800029c4:	00000593          	li	a1,0
800029c8:	02000693          	li	a3,32
800029cc:	00b989b3          	add	s3,s3,a1
800029d0:	413684b3          	sub	s1,a3,s3
800029d4:	f33682e3          	beq	a3,s3,800028f8 <__umoddi3+0x214>
800029d8:	00961a33          	sll	s4,a2,s1
800029dc:	01712623          	sw	s7,12(sp)
800029e0:	010a5a93          	srli	s5,s4,0x10
800029e4:	01375bb3          	srl	s7,a4,s3
800029e8:	000a8593          	mv	a1,s5
800029ec:	0137d9b3          	srl	s3,a5,s3
800029f0:	00971733          	sll	a4,a4,s1
800029f4:	000b8513          	mv	a0,s7
800029f8:	010a1413          	slli	s0,s4,0x10
800029fc:	00e9e9b3          	or	s3,s3,a4
80002a00:	00979933          	sll	s2,a5,s1
80002a04:	01612823          	sw	s6,16(sp)
80002a08:	01045413          	srli	s0,s0,0x10
80002a0c:	354000ef          	jal	80002d60 <__hidden___udivsi3>
80002a10:	00040593          	mv	a1,s0
80002a14:	320000ef          	jal	80002d34 <__mulsi3>
80002a18:	00050b13          	mv	s6,a0
80002a1c:	000a8593          	mv	a1,s5
80002a20:	000b8513          	mv	a0,s7
80002a24:	384000ef          	jal	80002da8 <__umodsi3>
80002a28:	01051513          	slli	a0,a0,0x10
80002a2c:	0109d793          	srli	a5,s3,0x10
80002a30:	00a7e7b3          	or	a5,a5,a0
80002a34:	0167fa63          	bgeu	a5,s6,80002a48 <__umoddi3+0x364>
80002a38:	00fa07b3          	add	a5,s4,a5
80002a3c:	0147e663          	bltu	a5,s4,80002a48 <__umoddi3+0x364>
80002a40:	0167f463          	bgeu	a5,s6,80002a48 <__umoddi3+0x364>
80002a44:	014787b3          	add	a5,a5,s4
80002a48:	41678b33          	sub	s6,a5,s6
80002a4c:	000b0513          	mv	a0,s6
80002a50:	000a8593          	mv	a1,s5
80002a54:	30c000ef          	jal	80002d60 <__hidden___udivsi3>
80002a58:	00040593          	mv	a1,s0
80002a5c:	2d8000ef          	jal	80002d34 <__mulsi3>
80002a60:	00050793          	mv	a5,a0
80002a64:	000a8593          	mv	a1,s5
80002a68:	000b0513          	mv	a0,s6
80002a6c:	01099993          	slli	s3,s3,0x10
80002a70:	00078b13          	mv	s6,a5
80002a74:	334000ef          	jal	80002da8 <__umodsi3>
80002a78:	0109d993          	srli	s3,s3,0x10
80002a7c:	01051513          	slli	a0,a0,0x10
80002a80:	00a9e9b3          	or	s3,s3,a0
80002a84:	0169fa63          	bgeu	s3,s6,80002a98 <__umoddi3+0x3b4>
80002a88:	013a09b3          	add	s3,s4,s3
80002a8c:	0149e663          	bltu	s3,s4,80002a98 <__umoddi3+0x3b4>
80002a90:	0169f463          	bgeu	s3,s6,80002a98 <__umoddi3+0x3b4>
80002a94:	014989b3          	add	s3,s3,s4
80002a98:	416989b3          	sub	s3,s3,s6
80002a9c:	00c12b83          	lw	s7,12(sp)
80002aa0:	01012b03          	lw	s6,16(sp)
80002aa4:	e65ff06f          	j	80002908 <__umoddi3+0x224>
80002aa8:	1006b513          	sltiu	a0,a3,256
80002aac:	00153513          	seqz	a0,a0
80002ab0:	00351513          	slli	a0,a0,0x3
80002ab4:	00000817          	auipc	a6,0x0
80002ab8:	42880813          	addi	a6,a6,1064 # 80002edc <__clz_tab>
80002abc:	00a6d333          	srl	t1,a3,a0
80002ac0:	00680833          	add	a6,a6,t1
80002ac4:	00084983          	lbu	s3,0(a6)
80002ac8:	02000813          	li	a6,32
80002acc:	00a989b3          	add	s3,s3,a0
80002ad0:	41380933          	sub	s2,a6,s3
80002ad4:	db380ce3          	beq	a6,s3,8000288c <__umoddi3+0x1a8>
80002ad8:	01612823          	sw	s6,16(sp)
80002adc:	012696b3          	sll	a3,a3,s2
80002ae0:	01365b33          	srl	s6,a2,s3
80002ae4:	00db6b33          	or	s6,s6,a3
80002ae8:	01712623          	sw	s7,12(sp)
80002aec:	01a12023          	sw	s10,0(sp)
80002af0:	010b5b93          	srli	s7,s6,0x10
80002af4:	01375d33          	srl	s10,a4,s3
80002af8:	0137d6b3          	srl	a3,a5,s3
80002afc:	01271733          	sll	a4,a4,s2
80002b00:	000b8593          	mv	a1,s7
80002b04:	000d0513          	mv	a0,s10
80002b08:	02812423          	sw	s0,40(sp)
80002b0c:	02912223          	sw	s1,36(sp)
80002b10:	01261433          	sll	s0,a2,s2
80002b14:	012794b3          	sll	s1,a5,s2
80002b18:	01412c23          	sw	s4,24(sp)
80002b1c:	01512a23          	sw	s5,20(sp)
80002b20:	00e6ea33          	or	s4,a3,a4
80002b24:	01812423          	sw	s8,8(sp)
80002b28:	01912223          	sw	s9,4(sp)
80002b2c:	010b1c13          	slli	s8,s6,0x10
80002b30:	230000ef          	jal	80002d60 <__hidden___udivsi3>
80002b34:	00050a93          	mv	s5,a0
80002b38:	010c5c13          	srli	s8,s8,0x10
80002b3c:	000a8593          	mv	a1,s5
80002b40:	000c0513          	mv	a0,s8
80002b44:	1f0000ef          	jal	80002d34 <__mulsi3>
80002b48:	00050c93          	mv	s9,a0
80002b4c:	000b8593          	mv	a1,s7
80002b50:	000d0513          	mv	a0,s10
80002b54:	254000ef          	jal	80002da8 <__umodsi3>
80002b58:	01051513          	slli	a0,a0,0x10
80002b5c:	010a5793          	srli	a5,s4,0x10
80002b60:	00a7e7b3          	or	a5,a5,a0
80002b64:	0197fe63          	bgeu	a5,s9,80002b80 <__umoddi3+0x49c>
80002b68:	00fb07b3          	add	a5,s6,a5
80002b6c:	fffa8713          	addi	a4,s5,-1
80002b70:	1967ec63          	bltu	a5,s6,80002d08 <__umoddi3+0x624>
80002b74:	1997fa63          	bgeu	a5,s9,80002d08 <__umoddi3+0x624>
80002b78:	ffea8a93          	addi	s5,s5,-2
80002b7c:	016787b3          	add	a5,a5,s6
80002b80:	41978cb3          	sub	s9,a5,s9
80002b84:	000b8593          	mv	a1,s7
80002b88:	000c8513          	mv	a0,s9
80002b8c:	1d4000ef          	jal	80002d60 <__hidden___udivsi3>
80002b90:	00050d13          	mv	s10,a0
80002b94:	000d0593          	mv	a1,s10
80002b98:	000c0513          	mv	a0,s8
80002b9c:	198000ef          	jal	80002d34 <__mulsi3>
80002ba0:	00050793          	mv	a5,a0
80002ba4:	000b8593          	mv	a1,s7
80002ba8:	000c8513          	mv	a0,s9
80002bac:	00078b93          	mv	s7,a5
80002bb0:	1f8000ef          	jal	80002da8 <__umodsi3>
80002bb4:	010a1713          	slli	a4,s4,0x10
80002bb8:	01075713          	srli	a4,a4,0x10
80002bbc:	01051513          	slli	a0,a0,0x10
80002bc0:	00a766b3          	or	a3,a4,a0
80002bc4:	0176fe63          	bgeu	a3,s7,80002be0 <__umoddi3+0x4fc>
80002bc8:	00db06b3          	add	a3,s6,a3
80002bcc:	fffd0793          	addi	a5,s10,-1
80002bd0:	1366e863          	bltu	a3,s6,80002d00 <__umoddi3+0x61c>
80002bd4:	1376f663          	bgeu	a3,s7,80002d00 <__umoddi3+0x61c>
80002bd8:	ffed0d13          	addi	s10,s10,-2
80002bdc:	016686b3          	add	a3,a3,s6
80002be0:	010d1893          	slli	a7,s10,0x10
80002be4:	01041313          	slli	t1,s0,0x10
80002be8:	010a9793          	slli	a5,s5,0x10
80002bec:	0108d893          	srli	a7,a7,0x10
80002bf0:	01035313          	srli	t1,t1,0x10
80002bf4:	01a7e7b3          	or	a5,a5,s10
80002bf8:	0107d793          	srli	a5,a5,0x10
80002bfc:	41768733          	sub	a4,a3,s7
80002c00:	00088513          	mv	a0,a7
80002c04:	00030593          	mv	a1,t1
80002c08:	01045e13          	srli	t3,s0,0x10
80002c0c:	128000ef          	jal	80002d34 <__mulsi3>
80002c10:	00050813          	mv	a6,a0
80002c14:	000e0593          	mv	a1,t3
80002c18:	00088513          	mv	a0,a7
80002c1c:	118000ef          	jal	80002d34 <__mulsi3>
80002c20:	00050893          	mv	a7,a0
80002c24:	00030593          	mv	a1,t1
80002c28:	00078513          	mv	a0,a5
80002c2c:	108000ef          	jal	80002d34 <__mulsi3>
80002c30:	00050313          	mv	t1,a0
80002c34:	000e0593          	mv	a1,t3
80002c38:	00078513          	mv	a0,a5
80002c3c:	0f8000ef          	jal	80002d34 <__mulsi3>
80002c40:	006888b3          	add	a7,a7,t1
80002c44:	01085793          	srli	a5,a6,0x10
80002c48:	011787b3          	add	a5,a5,a7
80002c4c:	0067f663          	bgeu	a5,t1,80002c58 <__umoddi3+0x574>
80002c50:	000106b7          	lui	a3,0x10
80002c54:	00d50533          	add	a0,a0,a3
80002c58:	0107d693          	srli	a3,a5,0x10
80002c5c:	01081813          	slli	a6,a6,0x10
80002c60:	01085813          	srli	a6,a6,0x10
80002c64:	01079793          	slli	a5,a5,0x10
80002c68:	00a686b3          	add	a3,a3,a0
80002c6c:	010787b3          	add	a5,a5,a6
80002c70:	06d76263          	bltu	a4,a3,80002cd4 <__umoddi3+0x5f0>
80002c74:	04d70e63          	beq	a4,a3,80002cd0 <__umoddi3+0x5ec>
80002c78:	40f487b3          	sub	a5,s1,a5
80002c7c:	00f4b4b3          	sltu	s1,s1,a5
80002c80:	02812403          	lw	s0,40(sp)
80002c84:	02c12083          	lw	ra,44(sp)
80002c88:	40d705b3          	sub	a1,a4,a3
80002c8c:	409585b3          	sub	a1,a1,s1
80002c90:	01359733          	sll	a4,a1,s3
80002c94:	0127d7b3          	srl	a5,a5,s2
80002c98:	02412483          	lw	s1,36(sp)
80002c9c:	01c12983          	lw	s3,28(sp)
80002ca0:	01812a03          	lw	s4,24(sp)
80002ca4:	01412a83          	lw	s5,20(sp)
80002ca8:	01012b03          	lw	s6,16(sp)
80002cac:	00c12b83          	lw	s7,12(sp)
80002cb0:	00812c03          	lw	s8,8(sp)
80002cb4:	00412c83          	lw	s9,4(sp)
80002cb8:	00012d03          	lw	s10,0(sp)
80002cbc:	0125d5b3          	srl	a1,a1,s2
80002cc0:	00f76533          	or	a0,a4,a5
80002cc4:	02012903          	lw	s2,32(sp)
80002cc8:	03010113          	addi	sp,sp,48
80002ccc:	00008067          	ret
80002cd0:	faf4f4e3          	bgeu	s1,a5,80002c78 <__umoddi3+0x594>
80002cd4:	40878433          	sub	s0,a5,s0
80002cd8:	0087b7b3          	sltu	a5,a5,s0
80002cdc:	016787b3          	add	a5,a5,s6
80002ce0:	40f686b3          	sub	a3,a3,a5
80002ce4:	00040793          	mv	a5,s0
80002ce8:	f91ff06f          	j	80002c78 <__umoddi3+0x594>
80002cec:	010006b7          	lui	a3,0x1000
80002cf0:	02d67c63          	bgeu	a2,a3,80002d28 <__umoddi3+0x644>
80002cf4:	01065513          	srli	a0,a2,0x10
80002cf8:	01000593          	li	a1,16
80002cfc:	bddff06f          	j	800028d8 <__umoddi3+0x1f4>
80002d00:	00078d13          	mv	s10,a5
80002d04:	eddff06f          	j	80002be0 <__umoddi3+0x4fc>
80002d08:	00070a93          	mv	s5,a4
80002d0c:	e75ff06f          	j	80002b80 <__umoddi3+0x49c>
80002d10:	014787b3          	add	a5,a5,s4
80002d14:	af9ff06f          	j	8000280c <__umoddi3+0x128>
80002d18:	014787b3          	add	a5,a5,s4
80002d1c:	c31ff06f          	j	8000294c <__umoddi3+0x268>
80002d20:	014787b3          	add	a5,a5,s4
80002d24:	a9dff06f          	j	800027c0 <__umoddi3+0xdc>
80002d28:	01865513          	srli	a0,a2,0x18
80002d2c:	01800593          	li	a1,24
80002d30:	ba9ff06f          	j	800028d8 <__umoddi3+0x1f4>

80002d34 <__mulsi3>:
__mulsi3():
80002d34:	00050613          	mv	a2,a0
80002d38:	00000513          	li	a0,0
80002d3c:	0015f693          	andi	a3,a1,1
80002d40:	00068463          	beqz	a3,80002d48 <__mulsi3+0x14>
80002d44:	00c50533          	add	a0,a0,a2
80002d48:	0015d593          	srli	a1,a1,0x1
80002d4c:	00161613          	slli	a2,a2,0x1
80002d50:	fe0596e3          	bnez	a1,80002d3c <__mulsi3+0x8>
80002d54:	00008067          	ret

80002d58 <__divsi3>:
__divsi3():
80002d58:	06054063          	bltz	a0,80002db8 <__umodsi3+0x10>
80002d5c:	0605c663          	bltz	a1,80002dc8 <__umodsi3+0x20>

80002d60 <__hidden___udivsi3>:
80002d60:	00058613          	mv	a2,a1
80002d64:	00050593          	mv	a1,a0
80002d68:	fff00513          	li	a0,-1
80002d6c:	02060c63          	beqz	a2,80002da4 <__hidden___udivsi3+0x44>
80002d70:	00100693          	li	a3,1
80002d74:	00b67a63          	bgeu	a2,a1,80002d88 <__hidden___udivsi3+0x28>
80002d78:	00c05863          	blez	a2,80002d88 <__hidden___udivsi3+0x28>
80002d7c:	00161613          	slli	a2,a2,0x1
80002d80:	00169693          	slli	a3,a3,0x1
80002d84:	feb66ae3          	bltu	a2,a1,80002d78 <__hidden___udivsi3+0x18>
80002d88:	00000513          	li	a0,0
80002d8c:	00c5e663          	bltu	a1,a2,80002d98 <__hidden___udivsi3+0x38>
80002d90:	40c585b3          	sub	a1,a1,a2
80002d94:	00d56533          	or	a0,a0,a3
80002d98:	0016d693          	srli	a3,a3,0x1
80002d9c:	00165613          	srli	a2,a2,0x1
80002da0:	fe0696e3          	bnez	a3,80002d8c <__hidden___udivsi3+0x2c>
80002da4:	00008067          	ret

80002da8 <__umodsi3>:
80002da8:	00008293          	mv	t0,ra
80002dac:	fb5ff0ef          	jal	80002d60 <__hidden___udivsi3>
80002db0:	00058513          	mv	a0,a1
80002db4:	00028067          	jr	t0
80002db8:	40a00533          	neg	a0,a0
80002dbc:	00b04863          	bgtz	a1,80002dcc <__umodsi3+0x24>
80002dc0:	40b005b3          	neg	a1,a1
80002dc4:	f9dff06f          	j	80002d60 <__hidden___udivsi3>
80002dc8:	40b005b3          	neg	a1,a1
80002dcc:	00008293          	mv	t0,ra
80002dd0:	f91ff0ef          	jal	80002d60 <__hidden___udivsi3>
80002dd4:	40a00533          	neg	a0,a0
80002dd8:	00028067          	jr	t0

80002ddc <__modsi3>:
__modsi3():
80002ddc:	00008293          	mv	t0,ra
80002de0:	0005ca63          	bltz	a1,80002df4 <__modsi3+0x18>
80002de4:	00054c63          	bltz	a0,80002dfc <__modsi3+0x20>
80002de8:	f79ff0ef          	jal	80002d60 <__hidden___udivsi3>
80002dec:	00058513          	mv	a0,a1
80002df0:	00028067          	jr	t0
80002df4:	40b005b3          	neg	a1,a1
80002df8:	fe0558e3          	bgez	a0,80002de8 <__modsi3+0xc>
80002dfc:	40a00533          	neg	a0,a0
80002e00:	f61ff0ef          	jal	80002d60 <__hidden___udivsi3>
80002e04:	40b00533          	neg	a0,a1
80002e08:	00028067          	jr	t0
